user_id,exercise,muscle_group,difficulty,duration_min,rating,fitness_level
1,Bench Press,chest,3,27,4,2
1,Push-ups,chest,1,27,5,2
1,Row,back,2,73,4,2
1,Row,back,2,33,5,2
1,Push-ups,chest,1,80,5,2
1,Bench Press,chest,3,67,5,2
1,Plank,core,1,75,3,2
1,Pull-ups,back,2,31,5,2
1,Push-ups,chest,1,45,5,2
1,Pull-ups,back,2,89,4,2
1,Row,back,2,60,5,2
1,Bench Press,chest,3,36,3,2
2,Pull-ups,back,2,50,3,0
2,Plank,core,1,49,3,0
2,Push-ups,chest,1,64,4,0
2,Squats,legs,2,64,4,0
2,Squats,legs,2,87,4,0
2,Push-ups,chest,1,44,4,0
2,Squats,legs,2,55,4,0
2,OHP,shoulders,3,77,3,0
2,Pull-ups,back,2,55,2,0
2,Squats,legs,2,26,3,0
2,Burpees,full,2,85,4,0
2,Push-ups,chest,1,20,5,0
2,Squats,legs,2,40,3,0
2,Lunges,legs,1,76,3,0
2,Squats,legs,2,49,2,0
2,Deadlifts,back,3,83,2,0
2,Deadlifts,back,3,69,3,0
2,Deadlifts,back,3,86,1,0
2,Burpees,full,2,30,4,0
2,Bench Press,chest,3,45,1,0
2,Plank,core,1,29,5,0
2,Deadlifts,back,3,29,2,0
2,Deadlifts,back,3,63,2,0
2,Burpees,full,2,28,4,0
2,Row,back,2,43,3,0
2,Lunges,legs,1,35,3,0
2,Squats,legs,2,54,4,0
3,Deadlifts,back,3,27,2,0
3,Squats,legs,2,61,2,0
3,Burpees,full,2,89,4,0
3,Pull-ups,back,2,72,2,0
3,Squats,legs,2,25,4,0
3,Bench Press,chest,3,34,2,0
3,OHP,shoulders,3,82,1,0
3,Deadlifts,back,3,71,3,0
3,Lunges,legs,1,72,5,0
3,Bench Press,chest,3,72,2,0
3,Push-ups,chest,1,34,5,0
3,Push-ups,chest,1,28,4,0
3,Squats,legs,2,66,2,0
3,Deadlifts,back,3,24,2,0
3,Burpees,full,2,63,2,0
3,Lunges,legs,1,62,4,0
3,Squats,legs,2,61,4,0
3,Lunges,legs,1,30,4,0
3,Push-ups,chest,1,43,4,0
3,Bench Press,chest,3,47,2,0
3,Deadlifts,back,3,74,1,0
3,Row,back,2,40,3,0
3,Push-ups,chest,1,62,5,0
3,Bench Press,chest,3,77,2,0
3,Bench Press,chest,3,40,2,0
3,OHP,shoulders,3,75,1,0
3,Pull-ups,back,2,41,3,0
4,Squats,legs,2,82,4,0
4,Deadlifts,back,3,55,1,0
4,Deadlifts,back,3,65,1,0
4,Burpees,full,2,35,2,0
4,Burpees,full,2,84,2,0
4,Burpees,full,2,39,2,0
4,Deadlifts,back,3,77,2,0
4,Push-ups,chest,1,48,3,0
5,Row,back,2,23,4,2
5,Deadlifts,back,3,70,3,2
5,Bench Press,chest,3,43,5,2
5,Burpees,full,2,47,5,2
5,Bench Press,chest,3,55,4,2
5,Bench Press,chest,3,55,5,2
5,Squats,legs,2,37,4,2
5,Lunges,legs,1,26,4,2
5,Burpees,full,2,31,4,2
5,Push-ups,chest,1,82,4,2
5,Burpees,full,2,72,4,2
5,OHP,shoulders,3,25,4,2
5,Push-ups,chest,1,28,5,2
5,Burpees,full,2,74,5,2
5,Lunges,legs,1,54,5,2
5,Deadlifts,back,3,78,4,2
5,Pull-ups,back,2,66,5,2
5,OHP,shoulders,3,61,5,2
5,Squats,legs,2,85,5,2
5,Bench Press,chest,3,61,4,2
6,Row,back,2,63,3,0
6,Lunges,legs,1,57,3,0
6,OHP,shoulders,3,42,2,0
6,Burpees,full,2,42,2,0
6,Bench Press,chest,3,22,2,0
6,Bench Press,chest,3,53,3,0
6,Lunges,legs,1,88,4,0
6,Squats,legs,2,48,4,0
6,Push-ups,chest,1,67,4,0
6,Pull-ups,back,2,35,2,0
6,Bench Press,chest,3,29,3,0
6,Pull-ups,back,2,86,4,0
6,Burpees,full,2,52,2,0
6,Burpees,full,2,25,4,0
6,Bench Press,chest,3,41,1,0
6,Pull-ups,back,2,52,2,0
6,Plank,core,1,48,3,0
6,Plank,core,1,37,5,0
6,Deadlifts,back,3,32,3,0
6,Row,back,2,64,4,0
6,Lunges,legs,1,46,5,0
6,Squats,legs,2,52,3,0
6,Row,back,2,52,3,0
6,OHP,shoulders,3,34,2,0
6,Lunges,legs,1,46,4,0
6,OHP,shoulders,3,26,1,0
7,Plank,core,1,22,5,0
7,Deadlifts,back,3,25,1,0
7,Row,back,2,69,3,0
7,Lunges,legs,1,69,4,0
7,OHP,shoulders,3,31,2,0
7,Plank,core,1,23,4,0
7,Bench Press,chest,3,68,3,0
7,Lunges,legs,1,28,3,0
7,Burpees,full,2,35,4,0
7,Squats,legs,2,75,2,0
7,Deadlifts,back,3,65,2,0
7,Lunges,legs,1,67,5,0
7,Burpees,full,2,78,2,0
7,Squats,legs,2,85,4,0
8,Plank,core,1,36,5,1
8,Lunges,legs,1,25,5,1
8,Push-ups,chest,1,61,4,1
8,Deadlifts,back,3,39,2,1
8,Plank,core,1,63,5,1
8,Burpees,full,2,66,3,1
8,Row,back,2,74,5,1
8,Push-ups,chest,1,84,4,1
8,OHP,shoulders,3,56,2,1
8,Row,back,2,57,5,1
8,Row,back,2,73,3,1
8,Push-ups,chest,1,70,5,1
8,Burpees,full,2,31,4,1
8,Plank,core,1,76,5,1
8,Burpees,full,2,76,4,1
8,Push-ups,chest,1,27,5,1
8,Burpees,full,2,79,4,1
8,Plank,core,1,22,4,1
8,Burpees,full,2,71,4,1
8,OHP,shoulders,3,27,4,1
8,Pull-ups,back,2,82,5,1
8,Bench Press,chest,3,76,3,1
8,Squats,legs,2,86,4,1
8,Row,back,2,37,3,1
8,OHP,shoulders,3,81,4,1
8,Burpees,full,2,75,3,1
8,OHP,shoulders,3,44,4,1
8,Burpees,full,2,31,5,1
9,Plank,core,1,66,4,1
9,Push-ups,chest,1,28,4,1
9,Plank,core,1,86,4,1
9,Push-ups,chest,1,36,4,1
9,Push-ups,chest,1,82,5,1
9,Squats,legs,2,89,5,1
9,OHP,shoulders,3,67,2,1
9,Deadlifts,back,3,56,4,1
9,Push-ups,chest,1,83,5,1
9,Deadlifts,back,3,24,4,1
9,Lunges,legs,1,41,5,1
9,Plank,core,1,80,5,1
9,Deadlifts,back,3,47,4,1
9,Squats,legs,2,20,3,1
9,Burpees,full,2,28,4,1
9,Push-ups,chest,1,77,5,1
9,OHP,shoulders,3,32,2,1
9,Squats,legs,2,52,4,1
9,Bench Press,chest,3,79,4,1
9,Bench Press,chest,3,87,2,1
9,OHP,shoulders,3,26,2,1
10,Push-ups,chest,1,26,5,1
10,Burpees,full,2,73,4,1
10,Row,back,2,23,5,1
10,Burpees,full,2,80,4,1
10,OHP,shoulders,3,56,4,1
10,Squats,legs,2,32,4,1
10,Plank,core,1,84,5,1
10,Burpees,full,2,47,4,1
10,Push-ups,chest,1,61,4,1
11,Pull-ups,back,2,73,4,0
11,Deadlifts,back,3,75,1,0
11,Row,back,2,63,4,0
11,Push-ups,chest,1,33,3,0
11,Burpees,full,2,21,4,0
11,Burpees,full,2,20,3,0
11,Push-ups,chest,1,70,4,0
11,Squats,legs,2,32,3,0
11,Plank,core,1,75,4,0
11,Burpees,full,2,78,4,0
12,Plank,core,1,76,4,2
12,Lunges,legs,1,60,3,2
12,Lunges,legs,1,68,5,2
12,Pull-ups,back,2,70,4,2
12,Row,back,2,55,5,2
12,Push-ups,chest,1,56,3,2
12,Row,back,2,38,5,2
12,Plank,core,1,64,3,2
12,Lunges,legs,1,56,5,2
12,Pull-ups,back,2,33,5,2
12,Deadlifts,back,3,63,4,2
12,Squats,legs,2,61,4,2
12,OHP,shoulders,3,83,3,2
12,Push-ups,chest,1,82,3,2
12,Bench Press,chest,3,66,5,2
12,OHP,shoulders,3,25,5,2
12,Pull-ups,back,2,44,5,2
12,Bench Press,chest,3,24,3,2
12,Plank,core,1,58,5,2
12,Push-ups,chest,1,24,5,2
12,Deadlifts,back,3,20,4,2
12,Plank,core,1,64,3,2
12,Squats,legs,2,41,5,2
12,Burpees,full,2,67,5,2
12,Push-ups,chest,1,29,5,2
13,Deadlifts,back,3,28,4,2
13,Bench Press,chest,3,28,3,2
13,Pull-ups,back,2,43,5,2
13,Plank,core,1,44,4,2
13,Push-ups,chest,1,29,3,2
13,Plank,core,1,78,5,2
13,Lunges,legs,1,89,5,2
13,Squats,legs,2,75,4,2
13,Plank,core,1,54,4,2
13,Burpees,full,2,86,5,2
13,Plank,core,1,89,4,2
13,Plank,core,1,37,5,2
13,Lunges,legs,1,74,3,2
13,Pull-ups,back,2,78,5,2
14,Row,back,2,67,3,0
14,Push-ups,chest,1,22,3,0
14,Lunges,legs,1,38,4,0
14,Squats,legs,2,62,4,0
14,Plank,core,1,88,3,0
14,Pull-ups,back,2,47,3,0
15,Bench Press,chest,3,53,2,0
15,Push-ups,chest,1,62,4,0
15,Squats,legs,2,44,4,0
15,Burpees,full,2,82,4,0
15,Burpees,full,2,66,2,0
15,Squats,legs,2,65,3,0
15,Row,back,2,53,3,0
15,Plank,core,1,74,5,0
16,Push-ups,chest,1,64,4,0
16,Push-ups,chest,1,64,5,0
16,Row,back,2,34,3,0
16,Pull-ups,back,2,28,4,0
16,Row,back,2,68,2,0
16,Deadlifts,back,3,27,3,0
16,Squats,legs,2,86,2,0
16,Deadlifts,back,3,30,3,0
16,OHP,shoulders,3,73,1,0
16,Row,back,2,43,2,0
16,Deadlifts,back,3,89,3,0
16,Pull-ups,back,2,24,3,0
16,OHP,shoulders,3,77,3,0
16,Row,back,2,49,4,0
17,Row,back,2,67,5,2
17,Lunges,legs,1,33,3,2
17,Push-ups,chest,1,29,5,2
17,Burpees,full,2,46,5,2
17,Burpees,full,2,45,5,2
17,Bench Press,chest,3,27,4,2
17,Burpees,full,2,71,5,2
17,Burpees,full,2,22,5,2
17,Push-ups,chest,1,81,5,2
17,Bench Press,chest,3,39,3,2
17,Bench Press,chest,3,41,4,2
17,Push-ups,chest,1,50,4,2
17,OHP,shoulders,3,31,5,2
18,Lunges,legs,1,37,3,0
18,Deadlifts,back,3,31,1,0
18,Bench Press,chest,3,82,2,0
18,Lunges,legs,1,46,4,0
18,Squats,legs,2,44,3,0
18,Plank,core,1,79,4,0
18,OHP,shoulders,3,24,3,0
18,Deadlifts,back,3,73,1,0
18,OHP,shoulders,3,89,1,0
18,Deadlifts,back,3,23,2,0
18,Deadlifts,back,3,84,1,0
18,Plank,core,1,56,5,0
18,Bench Press,chest,3,66,3,0
18,Squats,legs,2,39,3,0
18,Pull-ups,back,2,32,4,0
18,Plank,core,1,22,4,0
18,Row,back,2,84,2,0
18,Row,back,2,21,3,0
18,OHP,shoulders,3,50,2,0
18,Squats,legs,2,56,2,0
19,Squats,legs,2,60,3,0
19,Squats,legs,2,61,3,0
19,Plank,core,1,67,3,0
19,Deadlifts,back,3,23,2,0
19,Push-ups,chest,1,58,3,0
19,Row,back,2,25,4,0
19,Lunges,legs,1,31,4,0
19,Lunges,legs,1,31,4,0
19,Deadlifts,back,3,45,1,0
19,Deadlifts,back,3,38,1,0
19,OHP,shoulders,3,84,3,0
19,Deadlifts,back,3,48,2,0
19,Bench Press,chest,3,32,1,0
19,Push-ups,chest,1,82,4,0
19,Bench Press,chest,3,48,1,0
19,OHP,shoulders,3,65,2,0
19,Pull-ups,back,2,24,2,0
19,Pull-ups,back,2,49,2,0
19,Row,back,2,45,3,0
19,Deadlifts,back,3,27,2,0
19,Deadlifts,back,3,77,1,0
19,Bench Press,chest,3,67,2,0
19,OHP,shoulders,3,84,1,0
19,Push-ups,chest,1,23,5,0
19,Deadlifts,back,3,55,1,0
19,Lunges,legs,1,47,5,0
19,Lunges,legs,1,64,5,0
19,OHP,shoulders,3,80,1,0
20,Squats,legs,2,64,4,0
20,Pull-ups,back,2,44,3,0
20,Squats,legs,2,74,2,0
20,Deadlifts,back,3,86,1,0
20,Burpees,full,2,84,3,0
20,Burpees,full,2,72,2,0
20,Burpees,full,2,47,4,0
20,Pull-ups,back,2,61,3,0
20,Push-ups,chest,1,57,4,0
20,Push-ups,chest,1,57,4,0
21,Pull-ups,back,2,66,3,1
21,Bench Press,chest,3,47,2,1
21,Squats,legs,2,45,4,1
21,Plank,core,1,85,5,1
21,Burpees,full,2,66,4,1
21,Row,back,2,53,4,1
21,Pull-ups,back,2,63,5,1
21,Bench Press,chest,3,21,4,1
21,Lunges,legs,1,35,5,1
21,Lunges,legs,1,42,5,1
21,Pull-ups,back,2,25,3,1
21,Deadlifts,back,3,41,3,1
21,Lunges,legs,1,51,4,1
21,Lunges,legs,1,36,4,1
21,OHP,shoulders,3,68,2,1
21,Bench Press,chest,3,80,2,1
21,Lunges,legs,1,82,5,1
22,Lunges,legs,1,80,4,0
22,Squats,legs,2,28,4,0
22,Pull-ups,back,2,61,3,0
22,OHP,shoulders,3,22,1,0
22,Squats,legs,2,22,2,0
22,Squats,legs,2,74,4,0
22,Push-ups,chest,1,83,5,0
22,Pull-ups,back,2,82,3,0
22,Lunges,legs,1,65,3,0
22,Row,back,2,80,3,0
22,Bench Press,chest,3,44,1,0
22,Burpees,full,2,33,2,0
22,Lunges,legs,1,58,4,0
22,Row,back,2,75,3,0
22,Burpees,full,2,86,3,0
22,Push-ups,chest,1,57,5,0
22,Squats,legs,2,24,3,0
22,Push-ups,chest,1,58,3,0
22,Push-ups,chest,1,26,4,0
22,Lunges,legs,1,53,5,0
22,Burpees,full,2,87,3,0
22,Pull-ups,back,2,27,4,0
22,Squats,legs,2,78,4,0
22,Deadlifts,back,3,74,2,0
22,Row,back,2,57,2,0
22,Push-ups,chest,1,20,3,0
23,Pull-ups,back,2,79,4,2
23,Row,back,2,69,4,2
23,Bench Press,chest,3,45,4,2
23,Push-ups,chest,1,80,3,2
23,Burpees,full,2,21,5,2
24,OHP,shoulders,3,73,4,1
24,Squats,legs,2,67,4,1
24,Pull-ups,back,2,78,5,1
24,Plank,core,1,57,4,1
24,Pull-ups,back,2,61,3,1
24,Row,back,2,78,4,1
25,Pull-ups,back,2,82,2,0
25,Pull-ups,back,2,48,3,0
25,Lunges,legs,1,72,4,0
25,Row,back,2,66,4,0
25,Plank,core,1,30,4,0
25,Squats,legs,2,76,2,0
25,Deadlifts,back,3,22,3,0
25,Plank,core,1,84,3,0
25,Pull-ups,back,2,49,3,0
26,Squats,legs,2,27,5,2
26,Deadlifts,back,3,74,5,2
26,Deadlifts,back,3,75,3,2
26,Deadlifts,back,3,80,4,2
26,Deadlifts,back,3,44,3,2
26,Bench Press,chest,3,89,5,2
26,Deadlifts,back,3,75,5,2
26,Deadlifts,back,3,39,3,2
26,Lunges,legs,1,20,3,2
26,Row,back,2,29,5,2
26,Squats,legs,2,43,4,2
26,Row,back,2,62,5,2
26,OHP,shoulders,3,33,5,2
26,Push-ups,chest,1,36,3,2
27,Plank,core,1,57,5,1
27,Burpees,full,2,51,5,1
27,Lunges,legs,1,53,4,1
27,Push-ups,chest,1,38,5,1
27,Push-ups,chest,1,56,5,1
27,Deadlifts,back,3,62,4,1
27,Squats,legs,2,24,4,1
28,Row,back,2,75,4,2
28,Deadlifts,back,3,63,5,2
28,Row,back,2,61,5,2
28,Burpees,full,2,30,5,2
28,Lunges,legs,1,77,4,2
28,Plank,core,1,40,3,2
28,Plank,core,1,20,4,2
28,Row,back,2,32,4,2
28,Lunges,legs,1,77,3,2
28,Burpees,full,2,31,5,2
28,Squats,legs,2,71,5,2
28,Lunges,legs,1,89,3,2
28,Deadlifts,back,3,56,3,2
28,Squats,legs,2,27,5,2
28,Burpees,full,2,83,5,2
28,Burpees,full,2,33,4,2
28,Burpees,full,2,23,5,2
29,Pull-ups,back,2,20,4,0
29,Bench Press,chest,3,65,3,0
29,OHP,shoulders,3,85,3,0
29,Plank,core,1,66,4,0
29,Plank,core,1,61,5,0
29,Squats,legs,2,60,2,0
29,Burpees,full,2,57,4,0
29,Plank,core,1,82,5,0
29,Deadlifts,back,3,67,2,0
29,Burpees,full,2,24,2,0
29,Plank,core,1,89,3,0
29,Bench Press,chest,3,43,2,0
29,Bench Press,chest,3,45,3,0
29,Push-ups,chest,1,21,4,0
29,OHP,shoulders,3,23,1,0
29,Lunges,legs,1,89,3,0
29,Deadlifts,back,3,50,2,0
29,Row,back,2,55,3,0
29,Pull-ups,back,2,37,4,0
29,Burpees,full,2,24,2,0
29,Plank,core,1,41,5,0
29,Bench Press,chest,3,70,1,0
29,Row,back,2,47,4,0
30,Row,back,2,88,3,0
30,Bench Press,chest,3,87,2,0
30,OHP,shoulders,3,59,3,0
30,Burpees,full,2,70,2,0
30,OHP,shoulders,3,51,3,0
30,Bench Press,chest,3,77,2,0
30,Squats,legs,2,49,2,0
30,Squats,legs,2,56,3,0
30,Row,back,2,25,3,0
30,Plank,core,1,44,5,0
30,Lunges,legs,1,85,4,0
30,Plank,core,1,24,5,0
30,Plank,core,1,63,5,0
30,Pull-ups,back,2,88,3,0
30,Push-ups,chest,1,59,3,0
30,Lunges,legs,1,68,4,0
30,Push-ups,chest,1,55,5,0
30,Burpees,full,2,89,3,0
30,Row,back,2,56,2,0
30,Bench Press,chest,3,23,2,0
30,Bench Press,chest,3,62,3,0
30,Burpees,full,2,70,3,0
30,Push-ups,chest,1,39,5,0
30,OHP,shoulders,3,60,1,0
30,Squats,legs,2,42,3,0
30,Row,back,2,67,4,0
31,Pull-ups,back,2,76,5,1
31,OHP,shoulders,3,47,3,1
31,Squats,legs,2,81,4,1
31,Pull-ups,back,2,45,5,1
31,Burpees,full,2,69,5,1
31,Squats,legs,2,55,4,1
31,Bench Press,chest,3,87,2,1
31,Plank,core,1,85,4,1
31,OHP,shoulders,3,89,4,1
31,Deadlifts,back,3,40,3,1
31,Burpees,full,2,53,5,1
31,Burpees,full,2,45,3,1
31,Deadlifts,back,3,24,2,1
31,Lunges,legs,1,87,5,1
31,Pull-ups,back,2,84,5,1
31,Plank,core,1,87,5,1
31,Push-ups,chest,1,64,4,1
31,Row,back,2,84,4,1
31,Bench Press,chest,3,41,2,1
31,Squats,legs,2,43,4,1
31,Deadlifts,back,3,61,4,1
31,Row,back,2,69,5,1
31,Lunges,legs,1,79,4,1
31,Bench Press,chest,3,65,4,1
31,Push-ups,chest,1,73,5,1
31,Deadlifts,back,3,52,2,1
31,Deadlifts,back,3,70,3,1
32,Row,back,2,56,4,1
32,Bench Press,chest,3,30,2,1
32,Burpees,full,2,24,4,1
32,Push-ups,chest,1,44,5,1
32,Pull-ups,back,2,78,4,1
33,Deadlifts,back,3,31,4,1
33,Deadlifts,back,3,62,2,1
33,Row,back,2,25,5,1
33,Row,back,2,50,4,1
33,Pull-ups,back,2,25,3,1
33,Pull-ups,back,2,73,4,1
33,Pull-ups,back,2,74,4,1
33,Lunges,legs,1,65,5,1
33,Deadlifts,back,3,79,4,1
33,Squats,legs,2,37,4,1
33,Plank,core,1,36,5,1
33,Burpees,full,2,51,5,1
33,Row,back,2,69,5,1
33,Bench Press,chest,3,69,2,1
33,Lunges,legs,1,20,5,1
33,Deadlifts,back,3,51,2,1
33,Lunges,legs,1,71,5,1
33,Lunges,legs,1,50,4,1
33,Squats,legs,2,62,3,1
33,Burpees,full,2,28,3,1
33,Push-ups,chest,1,28,4,1
33,Plank,core,1,61,5,1
33,OHP,shoulders,3,79,3,1
33,Pull-ups,back,2,58,4,1
34,Burpees,full,2,72,3,1
34,Lunges,legs,1,71,5,1
34,Lunges,legs,1,21,5,1
34,Deadlifts,back,3,88,4,1
34,Row,back,2,36,4,1
34,Deadlifts,back,3,43,3,1
34,Deadlifts,back,3,49,4,1
34,Squats,legs,2,79,3,1
34,Squats,legs,2,24,4,1
34,OHP,shoulders,3,30,2,1
34,Plank,core,1,34,5,1
34,OHP,shoulders,3,25,3,1
34,Squats,legs,2,87,5,1
34,Squats,legs,2,68,4,1
35,Row,back,2,25,5,2
35,Squats,legs,2,57,5,2
35,Deadlifts,back,3,39,4,2
35,Row,back,2,67,5,2
35,Push-ups,chest,1,33,5,2
35,Deadlifts,back,3,42,3,2
35,Plank,core,1,58,4,2
35,Burpees,full,2,44,4,2
35,Row,back,2,48,5,2
35,Pull-ups,back,2,76,5,2
35,Row,back,2,58,5,2
35,Lunges,legs,1,39,3,2
35,Pull-ups,back,2,64,5,2
35,Deadlifts,back,3,30,4,2
35,Bench Press,chest,3,37,5,2
35,Bench Press,chest,3,37,5,2
35,Squats,legs,2,58,5,2
35,Lunges,legs,1,27,4,2
35,Bench Press,chest,3,32,5,2
35,Plank,core,1,62,5,2
35,Lunges,legs,1,63,4,2
35,Squats,legs,2,77,5,2
35,Deadlifts,back,3,60,5,2
36,Bench Press,chest,3,49,4,1
36,OHP,shoulders,3,37,4,1
36,OHP,shoulders,3,58,3,1
36,Burpees,full,2,73,4,1
36,Deadlifts,back,3,61,2,1
36,OHP,shoulders,3,24,3,1
36,Burpees,full,2,58,3,1
36,Burpees,full,2,56,5,1
36,Pull-ups,back,2,70,4,1
36,Plank,core,1,75,4,1
36,Lunges,legs,1,30,5,1
36,Lunges,legs,1,20,5,1
36,Push-ups,chest,1,62,5,1
36,Squats,legs,2,33,4,1
36,Lunges,legs,1,65,5,1
36,Lunges,legs,1,60,5,1
36,Burpees,full,2,30,4,1
36,Pull-ups,back,2,60,5,1
36,Burpees,full,2,65,5,1
36,Lunges,legs,1,67,5,1
36,OHP,shoulders,3,29,2,1
36,Lunges,legs,1,84,5,1
36,Deadlifts,back,3,46,2,1
36,OHP,shoulders,3,89,4,1
36,Bench Press,chest,3,72,4,1
36,Deadlifts,back,3,46,2,1
37,Deadlifts,back,3,75,5,2
37,Squats,legs,2,76,4,2
37,Row,back,2,52,5,2
37,OHP,shoulders,3,82,4,2
37,Lunges,legs,1,86,5,2
37,Row,back,2,78,4,2
37,Bench Press,chest,3,58,3,2
37,Row,back,2,58,5,2
37,Plank,core,1,76,5,2
37,Lunges,legs,1,64,3,2
37,Row,back,2,30,4,2
37,Pull-ups,back,2,64,5,2
37,Squats,legs,2,86,5,2
37,Plank,core,1,65,4,2
37,Burpees,full,2,57,5,2
37,Burpees,full,2,85,4,2
37,Row,back,2,80,5,2
37,Deadlifts,back,3,55,4,2
37,Bench Press,chest,3,84,4,2
37,Deadlifts,back,3,74,4,2
38,Burpees,full,2,83,5,2
38,Pull-ups,back,2,41,5,2
38,Burpees,full,2,78,4,2
38,Lunges,legs,1,63,3,2
38,Bench Press,chest,3,74,3,2
38,Plank,core,1,40,4,2
38,Plank,core,1,29,3,2
38,Deadlifts,back,3,62,3,2
38,Deadlifts,back,3,82,5,2
38,Squats,legs,2,70,5,2
38,Plank,core,1,62,4,2
38,Push-ups,chest,1,21,4,2
38,OHP,shoulders,3,34,4,2
38,Bench Press,chest,3,33,3,2
38,OHP,shoulders,3,53,4,2
38,Push-ups,chest,1,52,5,2
38,Deadlifts,back,3,37,3,2
38,Deadlifts,back,3,30,5,2
38,Bench Press,chest,3,47,5,2
39,Lunges,legs,1,43,4,2
39,Lunges,legs,1,83,3,2
39,Burpees,full,2,22,4,2
39,Bench Press,chest,3,73,5,2
39,Bench Press,chest,3,73,4,2
39,Row,back,2,35,5,2
39,Push-ups,chest,1,55,4,2
39,Squats,legs,2,38,5,2
39,Deadlifts,back,3,89,5,2
39,Bench Press,chest,3,41,4,2
39,OHP,shoulders,3,82,4,2
39,Pull-ups,back,2,73,5,2
40,Lunges,legs,1,28,4,1
40,Lunges,legs,1,74,4,1
40,Pull-ups,back,2,71,3,1
40,Row,back,2,34,5,1
40,Push-ups,chest,1,69,5,1
40,OHP,shoulders,3,32,4,1
40,Deadlifts,back,3,66,3,1
40,OHP,shoulders,3,69,3,1
40,Burpees,full,2,78,3,1
40,Lunges,legs,1,89,5,1
40,Squats,legs,2,62,4,1
40,OHP,shoulders,3,64,4,1
40,Plank,core,1,53,5,1
40,Squats,legs,2,51,4,1
40,Plank,core,1,75,5,1
40,Pull-ups,back,2,36,4,1
40,OHP,shoulders,3,60,3,1
40,Push-ups,chest,1,20,4,1
40,Push-ups,chest,1,38,5,1
40,Deadlifts,back,3,86,2,1
40,Row,back,2,47,4,1
40,OHP,shoulders,3,75,3,1
40,Deadlifts,back,3,22,4,1
40,Bench Press,chest,3,45,4,1
40,Push-ups,chest,1,65,5,1
40,Burpees,full,2,54,3,1
40,Deadlifts,back,3,71,2,1
40,Plank,core,1,77,5,1
40,OHP,shoulders,3,29,4,1
41,Burpees,full,2,84,3,1
41,Deadlifts,back,3,65,2,1
41,Bench Press,chest,3,22,4,1
41,Plank,core,1,89,5,1
41,Deadlifts,back,3,80,3,1
41,Lunges,legs,1,31,4,1
41,Burpees,full,2,68,5,1
41,Bench Press,chest,3,73,4,1
41,Bench Press,chest,3,73,2,1
41,Plank,core,1,27,4,1
41,Plank,core,1,47,5,1
41,Deadlifts,back,3,34,3,1
41,Deadlifts,back,3,81,4,1
41,Lunges,legs,1,23,4,1
41,Burpees,full,2,74,3,1
41,Burpees,full,2,21,5,1
41,Row,back,2,67,3,1
41,Row,back,2,47,5,1
41,OHP,shoulders,3,32,3,1
41,Plank,core,1,49,4,1
41,Squats,legs,2,84,3,1
41,Row,back,2,67,3,1
41,Burpees,full,2,21,3,1
41,OHP,shoulders,3,36,4,1
41,Row,back,2,89,5,1
41,Burpees,full,2,56,4,1
41,Push-ups,chest,1,37,5,1
42,Row,back,2,46,5,2
42,OHP,shoulders,3,38,5,2
42,OHP,shoulders,3,66,5,2
42,Push-ups,chest,1,70,3,2
42,Row,back,2,34,4,2
42,OHP,shoulders,3,62,3,2
42,Bench Press,chest,3,22,3,2
42,Push-ups,chest,1,45,5,2
42,Row,back,2,88,5,2
42,Row,back,2,50,5,2
42,Bench Press,chest,3,39,5,2
42,Plank,core,1,68,5,2
42,Lunges,legs,1,72,3,2
42,Plank,core,1,30,5,2
42,Push-ups,chest,1,69,3,2
42,Bench Press,chest,3,41,3,2
42,Squats,legs,2,40,5,2
42,Deadlifts,back,3,43,5,2
42,Row,back,2,24,5,2
42,Lunges,legs,1,54,5,2
42,Row,back,2,29,5,2
43,Row,back,2,22,5,2
43,Deadlifts,back,3,22,4,2
43,Push-ups,chest,1,36,3,2
43,Deadlifts,back,3,21,3,2
43,Push-ups,chest,1,46,3,2
43,OHP,shoulders,3,41,4,2
43,Push-ups,chest,1,42,4,2
43,Burpees,full,2,84,5,2
43,OHP,shoulders,3,80,3,2
43,OHP,shoulders,3,69,5,2
43,Bench Press,chest,3,53,5,2
43,OHP,shoulders,3,74,5,2
43,Pull-ups,back,2,49,5,2
43,OHP,shoulders,3,54,3,2
43,Row,back,2,74,5,2
43,Plank,core,1,41,5,2
44,Pull-ups,back,2,22,5,2
44,Push-ups,chest,1,78,5,2
44,Burpees,full,2,33,5,2
44,Row,back,2,77,5,2
44,Burpees,full,2,72,5,2
44,Row,back,2,26,4,2
44,Push-ups,chest,1,64,5,2
44,Bench Press,chest,3,54,4,2
44,OHP,shoulders,3,40,3,2
44,Plank,core,1,29,5,2
44,Deadlifts,back,3,34,5,2
44,Push-ups,chest,1,25,3,2
44,OHP,shoulders,3,58,5,2
44,Row,back,2,72,5,2
44,Burpees,full,2,29,5,2
44,Burpees,full,2,22,4,2
44,Bench Press,chest,3,26,5,2
44,Row,back,2,35,5,2
44,Deadlifts,back,3,23,5,2
44,Deadlifts,back,3,46,4,2
44,Lunges,legs,1,36,3,2
44,Push-ups,chest,1,89,4,2
44,Bench Press,chest,3,27,4,2
45,Pull-ups,back,2,66,3,0
45,Plank,core,1,26,4,0
45,Burpees,full,2,47,4,0
45,Bench Press,chest,3,73,2,0
45,Plank,core,1,25,5,0
45,Row,back,2,88,4,0
45,Lunges,legs,1,78,5,0
45,Pull-ups,back,2,87,4,0
45,Bench Press,chest,3,20,2,0
45,Burpees,full,2,60,3,0
45,Burpees,full,2,71,2,0
45,Push-ups,chest,1,80,3,0
45,Burpees,full,2,59,4,0
45,Plank,core,1,63,3,0
45,Burpees,full,2,63,3,0
45,Burpees,full,2,30,2,0
45,Lunges,legs,1,53,5,0
45,Deadlifts,back,3,26,1,0
45,Burpees,full,2,24,2,0
45,Squats,legs,2,56,2,0
45,Burpees,full,2,61,2,0
45,Row,back,2,67,3,0
45,Deadlifts,back,3,83,1,0
45,Deadlifts,back,3,65,1,0
45,Pull-ups,back,2,22,2,0
46,Squats,legs,2,36,5,2
46,Push-ups,chest,1,59,4,2
46,Burpees,full,2,48,5,2
46,Row,back,2,48,5,2
46,Bench Press,chest,3,50,5,2
46,Deadlifts,back,3,58,4,2
46,Squats,legs,2,70,5,2
46,Row,back,2,61,5,2
46,Plank,core,1,62,3,2
46,Squats,legs,2,80,5,2
46,Row,back,2,54,5,2
46,Plank,core,1,59,3,2
46,Lunges,legs,1,71,3,2
46,Deadlifts,back,3,43,4,2
46,Push-ups,chest,1,26,5,2
46,Deadlifts,back,3,39,5,2
46,Pull-ups,back,2,49,5,2
46,OHP,shoulders,3,41,3,2
46,Row,back,2,80,4,2
46,Pull-ups,back,2,46,5,2
47,Plank,core,1,79,5,1
47,Pull-ups,back,2,22,3,1
47,Pull-ups,back,2,49,4,1
47,Squats,legs,2,50,5,1
47,Squats,legs,2,21,5,1
47,Plank,core,1,73,5,1
47,OHP,shoulders,3,36,3,1
48,Squats,legs,2,49,4,1
48,Burpees,full,2,85,4,1
48,Squats,legs,2,70,3,1
48,OHP,shoulders,3,46,3,1
48,Bench Press,chest,3,62,4,1
48,OHP,shoulders,3,25,3,1
48,Push-ups,chest,1,70,4,1
48,Squats,legs,2,21,5,1
48,Row,back,2,89,5,1
49,Lunges,legs,1,54,5,2
49,Plank,core,1,76,4,2
49,Push-ups,chest,1,68,5,2
49,Squats,legs,2,40,4,2
49,Deadlifts,back,3,88,4,2
49,Lunges,legs,1,71,4,2
49,Burpees,full,2,37,4,2
49,Squats,legs,2,58,4,2
49,Pull-ups,back,2,40,4,2
49,Deadlifts,back,3,77,3,2
49,Bench Press,chest,3,26,5,2
49,Squats,legs,2,22,5,2
49,Row,back,2,50,5,2
49,Row,back,2,86,5,2
49,Bench Press,chest,3,57,5,2
49,Push-ups,chest,1,27,4,2
49,Pull-ups,back,2,81,5,2
49,Push-ups,chest,1,59,3,2
49,Bench Press,chest,3,34,3,2
49,Squats,legs,2,35,5,2
49,OHP,shoulders,3,42,5,2
49,Push-ups,chest,1,32,4,2
49,Burpees,full,2,49,5,2
49,Row,back,2,85,5,2
49,Squats,legs,2,58,4,2
49,Squats,legs,2,53,5,2
50,OHP,shoulders,3,73,3,1
50,Pull-ups,back,2,22,3,1
50,Plank,core,1,82,4,1
50,Deadlifts,back,3,87,3,1
50,Push-ups,chest,1,42,4,1
50,Squats,legs,2,36,4,1
50,Deadlifts,back,3,35,4,1
50,Deadlifts,back,3,52,3,1
50,Push-ups,chest,1,58,5,1
50,OHP,shoulders,3,76,3,1
50,Burpees,full,2,25,3,1
50,OHP,shoulders,3,73,3,1
50,Deadlifts,back,3,78,4,1
50,Plank,core,1,21,5,1
50,Row,back,2,69,4,1
50,Push-ups,chest,1,35,4,1
50,Deadlifts,back,3,50,2,1
50,Deadlifts,back,3,42,3,1
50,Bench Press,chest,3,81,2,1
50,Bench Press,chest,3,69,2,1
50,Bench Press,chest,3,34,3,1
50,Row,back,2,64,4,1
50,Squats,legs,2,41,4,1
50,Lunges,legs,1,89,4,1
50,OHP,shoulders,3,63,4,1
50,Push-ups,chest,1,79,4,1
51,Push-ups,chest,1,26,5,0
51,Lunges,legs,1,86,3,0
51,Row,back,2,80,4,0
51,Pull-ups,back,2,82,3,0
51,Plank,core,1,74,4,0
51,Bench Press,chest,3,75,1,0
51,Plank,core,1,29,5,0
51,Pull-ups,back,2,35,4,0
51,Lunges,legs,1,49,5,0
51,Pull-ups,back,2,20,4,0
51,Row,back,2,65,2,0
51,Pull-ups,back,2,57,2,0
51,Bench Press,chest,3,69,1,0
51,Burpees,full,2,63,2,0
51,Squats,legs,2,84,3,0
51,Row,back,2,65,4,0
51,Deadlifts,back,3,77,1,0
51,Deadlifts,back,3,32,2,0
51,Row,back,2,67,4,0
51,Bench Press,chest,3,24,2,0
51,Row,back,2,40,3,0
51,Bench Press,chest,3,46,3,0
51,Push-ups,chest,1,68,4,0
51,Pull-ups,back,2,61,2,0
51,Row,back,2,20,4,0
51,Row,back,2,23,4,0
51,Push-ups,chest,1,53,3,0
52,Lunges,legs,1,69,5,1
52,Lunges,legs,1,89,4,1
52,Row,back,2,85,5,1
52,Pull-ups,back,2,54,4,1
52,OHP,shoulders,3,68,4,1
52,Burpees,full,2,46,4,1
52,Push-ups,chest,1,87,5,1
52,Pull-ups,back,2,68,4,1
52,Bench Press,chest,3,39,3,1
52,Burpees,full,2,51,5,1
52,Plank,core,1,61,5,1
52,Burpees,full,2,80,4,1
52,Squats,legs,2,45,3,1
52,Row,back,2,60,4,1
52,Squats,legs,2,67,3,1
52,OHP,shoulders,3,80,3,1
52,Deadlifts,back,3,37,3,1
52,Push-ups,chest,1,31,5,1
52,Plank,core,1,65,5,1
52,Lunges,legs,1,21,4,1
52,Pull-ups,back,2,38,5,1
52,OHP,shoulders,3,61,2,1
52,Row,back,2,65,5,1
52,Deadlifts,back,3,89,4,1
52,Squats,legs,2,43,3,1
53,Burpees,full,2,67,4,1
53,Deadlifts,back,3,42,3,1
53,OHP,shoulders,3,52,2,1
53,OHP,shoulders,3,80,2,1
53,Plank,core,1,77,5,1
53,Plank,core,1,20,4,1
53,Burpees,full,2,72,3,1
53,Row,back,2,79,5,1
53,Burpees,full,2,67,5,1
53,Plank,core,1,26,5,1
53,Pull-ups,back,2,38,4,1
53,Lunges,legs,1,80,5,1
53,Burpees,full,2,54,5,1
53,Push-ups,chest,1,72,5,1
53,Deadlifts,back,3,72,3,1
53,Squats,legs,2,84,5,1
53,Deadlifts,back,3,53,3,1
53,Bench Press,chest,3,22,3,1
53,Deadlifts,back,3,35,3,1
53,Bench Press,chest,3,28,2,1
53,Plank,core,1,71,5,1
53,Plank,core,1,79,5,1
53,Deadlifts,back,3,22,4,1
53,Lunges,legs,1,42,5,1
53,Squats,legs,2,49,3,1
53,Bench Press,chest,3,77,3,1
53,Burpees,full,2,26,5,1
53,Row,back,2,75,5,1
54,Push-ups,chest,1,65,3,0
54,Pull-ups,back,2,24,3,0
54,Pull-ups,back,2,69,3,0
54,Pull-ups,back,2,32,4,0
54,Bench Press,chest,3,69,2,0
54,Row,back,2,53,4,0
54,Row,back,2,30,3,0
54,Pull-ups,back,2,69,2,0
54,Deadlifts,back,3,60,3,0
54,Bench Press,chest,3,81,1,0
54,Plank,core,1,52,5,0
54,Burpees,full,2,34,2,0
54,Pull-ups,back,2,79,2,0
54,Lunges,legs,1,62,3,0
54,Lunges,legs,1,45,3,0
54,Pull-ups,back,2,68,2,0
55,OHP,shoulders,3,67,2,0
55,Lunges,legs,1,85,5,0
55,Row,back,2,71,4,0
55,Row,back,2,40,3,0
55,Plank,core,1,75,4,0
55,Squats,legs,2,39,2,0
55,Burpees,full,2,24,3,0
55,Plank,core,1,87,5,0
55,Burpees,full,2,22,4,0
56,Deadlifts,back,3,43,2,1
56,Bench Press,chest,3,20,4,1
56,Squats,legs,2,31,4,1
56,Row,back,2,37,3,1
56,Plank,core,1,35,4,1
56,Pull-ups,back,2,64,4,1
56,Deadlifts,back,3,26,4,1
56,Burpees,full,2,32,3,1
56,Burpees,full,2,63,3,1
56,Row,back,2,24,5,1
56,Bench Press,chest,3,23,3,1
56,Deadlifts,back,3,35,2,1
56,Lunges,legs,1,55,5,1
57,Burpees,full,2,80,5,2
57,Push-ups,chest,1,77,3,2
57,Burpees,full,2,76,4,2
57,OHP,shoulders,3,82,5,2
57,Squats,legs,2,46,4,2
57,Plank,core,1,86,3,2
57,Burpees,full,2,64,5,2
57,Bench Press,chest,3,86,3,2
57,Lunges,legs,1,61,4,2
57,Row,back,2,89,5,2
57,Pull-ups,back,2,25,5,2
57,Burpees,full,2,74,5,2
57,Pull-ups,back,2,35,5,2
57,Lunges,legs,1,56,3,2
57,OHP,shoulders,3,35,4,2
57,Squats,legs,2,63,5,2
57,Row,back,2,29,5,2
57,Push-ups,chest,1,38,4,2
57,Pull-ups,back,2,64,4,2
57,Push-ups,chest,1,21,3,2
57,Squats,legs,2,46,5,2
57,OHP,shoulders,3,46,3,2
57,OHP,shoulders,3,37,3,2
57,Bench Press,chest,3,44,4,2
57,Lunges,legs,1,57,4,2
57,Push-ups,chest,1,29,5,2
57,Squats,legs,2,42,4,2
58,Burpees,full,2,72,3,1
58,Burpees,full,2,39,3,1
58,Row,back,2,64,3,1
58,Pull-ups,back,2,84,3,1
58,Squats,legs,2,89,5,1
59,Bench Press,chest,3,64,2,1
59,Push-ups,chest,1,51,5,1
59,Push-ups,chest,1,71,5,1
59,Bench Press,chest,3,59,2,1
59,Row,back,2,48,4,1
59,Lunges,legs,1,45,5,1
59,Lunges,legs,1,78,4,1
60,Plank,core,1,31,4,2
60,Burpees,full,2,55,5,2
60,Lunges,legs,1,26,3,2
60,Plank,core,1,22,5,2
60,Pull-ups,back,2,20,4,2
60,Lunges,legs,1,69,5,2
60,OHP,shoulders,3,82,5,2
60,Burpees,full,2,86,5,2
60,Row,back,2,87,5,2
60,Pull-ups,back,2,44,5,2
60,Plank,core,1,85,3,2
60,Row,back,2,69,5,2
60,Pull-ups,back,2,82,4,2
60,OHP,shoulders,3,57,3,2
60,Bench Press,chest,3,72,5,2
60,Bench Press,chest,3,86,4,2
60,Burpees,full,2,33,4,2
60,OHP,shoulders,3,73,4,2
60,Deadlifts,back,3,71,4,2
60,Bench Press,chest,3,47,4,2
60,Lunges,legs,1,49,4,2
60,Bench Press,chest,3,73,5,2
60,Bench Press,chest,3,67,3,2
60,Pull-ups,back,2,89,5,2
60,OHP,shoulders,3,72,3,2
61,Lunges,legs,1,64,3,2
61,Deadlifts,back,3,32,5,2
61,Deadlifts,back,3,29,5,2
61,Plank,core,1,25,4,2
61,OHP,shoulders,3,65,5,2
61,Pull-ups,back,2,56,4,2
61,Squats,legs,2,66,4,2
61,Bench Press,chest,3,74,5,2
61,Lunges,legs,1,54,4,2
61,Pull-ups,back,2,32,4,2
61,Bench Press,chest,3,68,4,2
61,Squats,legs,2,72,5,2
61,Plank,core,1,66,5,2
62,OHP,shoulders,3,89,1,0
62,Deadlifts,back,3,73,3,0
62,Burpees,full,2,86,2,0
62,Pull-ups,back,2,67,3,0
62,Row,back,2,21,3,0
62,Push-ups,chest,1,59,4,0
62,Row,back,2,52,3,0
62,Lunges,legs,1,31,4,0
62,Bench Press,chest,3,24,3,0
62,Pull-ups,back,2,51,2,0
62,Bench Press,chest,3,79,2,0
62,Deadlifts,back,3,60,1,0
62,Squats,legs,2,32,3,0
62,OHP,shoulders,3,70,2,0
62,Deadlifts,back,3,53,1,0
62,Plank,core,1,59,3,0
62,Row,back,2,33,4,0
62,Lunges,legs,1,76,4,0
62,Burpees,full,2,35,2,0
62,Push-ups,chest,1,48,4,0
62,Push-ups,chest,1,73,4,0
62,Squats,legs,2,75,4,0
62,Deadlifts,back,3,28,1,0
62,Plank,core,1,35,3,0
63,Lunges,legs,1,29,4,1
63,Deadlifts,back,3,43,3,1
63,Burpees,full,2,41,4,1
63,OHP,shoulders,3,38,3,1
63,Pull-ups,back,2,54,4,1
63,Pull-ups,back,2,26,3,1
63,Push-ups,chest,1,29,5,1
63,Lunges,legs,1,54,5,1
63,Row,back,2,39,3,1
63,Squats,legs,2,56,4,1
63,Plank,core,1,73,5,1
63,Bench Press,chest,3,47,3,1
63,Row,back,2,42,4,1
63,Burpees,full,2,78,5,1
63,OHP,shoulders,3,52,4,1
63,Push-ups,chest,1,41,4,1
63,Push-ups,chest,1,61,5,1
63,Row,back,2,70,4,1
63,Plank,core,1,53,4,1
64,Burpees,full,2,40,3,1
64,Row,back,2,88,3,1
64,Lunges,legs,1,32,4,1
64,Deadlifts,back,3,42,2,1
64,Lunges,legs,1,39,4,1
64,Push-ups,chest,1,47,5,1
64,Deadlifts,back,3,75,4,1
64,Burpees,full,2,54,3,1
64,Burpees,full,2,38,3,1
64,Bench Press,chest,3,69,4,1
64,Bench Press,chest,3,77,3,1
64,Plank,core,1,45,5,1
64,Squats,legs,2,20,3,1
64,Plank,core,1,66,5,1
64,Pull-ups,back,2,86,3,1
64,Row,back,2,88,5,1
64,Lunges,legs,1,87,5,1
65,Bench Press,chest,3,36,3,2
65,Bench Press,chest,3,21,4,2
65,Deadlifts,back,3,85,3,2
65,Burpees,full,2,42,4,2
65,Push-ups,chest,1,86,5,2
65,Row,back,2,26,4,2
65,Bench Press,chest,3,83,4,2
65,OHP,shoulders,3,44,3,2
65,Row,back,2,46,5,2
65,Squats,legs,2,88,5,2
65,OHP,shoulders,3,28,3,2
65,Squats,legs,2,69,5,2
65,Plank,core,1,38,5,2
65,Burpees,full,2,44,5,2
65,Pull-ups,back,2,52,5,2
65,Burpees,full,2,35,5,2
65,Row,back,2,88,5,2
65,OHP,shoulders,3,44,3,2
65,Plank,core,1,53,3,2
65,Squats,legs,2,42,4,2
65,Plank,core,1,61,3,2
65,Pull-ups,back,2,60,5,2
65,Plank,core,1,81,5,2
66,Squats,legs,2,72,4,1
66,Bench Press,chest,3,26,2,1
66,Deadlifts,back,3,73,4,1
66,Burpees,full,2,78,4,1
66,Squats,legs,2,77,3,1
66,Pull-ups,back,2,30,5,1
66,Squats,legs,2,58,3,1
66,Row,back,2,89,5,1
66,Deadlifts,back,3,60,3,1
66,Burpees,full,2,79,4,1
66,OHP,shoulders,3,23,2,1
66,Row,back,2,84,4,1
66,Squats,legs,2,81,4,1
66,Plank,core,1,87,5,1
66,Deadlifts,back,3,63,3,1
66,OHP,shoulders,3,80,2,1
66,Row,back,2,49,5,1
66,Plank,core,1,71,4,1
67,Plank,core,1,48,5,2
67,Row,back,2,88,5,2
67,Deadlifts,back,3,68,4,2
67,Squats,legs,2,69,5,2
67,Plank,core,1,31,3,2
67,Pull-ups,back,2,67,5,2
67,Deadlifts,back,3,20,3,2
67,Lunges,legs,1,34,5,2
67,Burpees,full,2,38,5,2
67,Deadlifts,back,3,52,5,2
68,Bench Press,chest,3,69,2,1
68,Burpees,full,2,25,5,1
68,Squats,legs,2,86,3,1
68,Deadlifts,back,3,78,2,1
68,Pull-ups,back,2,83,3,1
68,Pull-ups,back,2,67,3,1
68,Deadlifts,back,3,52,2,1
68,Pull-ups,back,2,43,3,1
68,Squats,legs,2,60,3,1
69,Push-ups,chest,1,55,5,2
69,Push-ups,chest,1,39,3,2
69,Push-ups,chest,1,59,3,2
69,Squats,legs,2,45,4,2
69,Push-ups,chest,1,81,4,2
69,Push-ups,chest,1,85,5,2
69,Lunges,legs,1,89,5,2
69,Lunges,legs,1,50,3,2
69,Plank,core,1,75,4,2
69,Pull-ups,back,2,60,5,2
69,OHP,shoulders,3,42,3,2
69,OHP,shoulders,3,39,3,2
70,Plank,core,1,52,5,1
70,Squats,legs,2,84,5,1
70,Pull-ups,back,2,60,4,1
70,Plank,core,1,49,5,1
70,Squats,legs,2,85,4,1
70,Plank,core,1,87,4,1
70,Pull-ups,back,2,32,3,1
70,Burpees,full,2,75,4,1
70,Squats,legs,2,49,3,1
70,Pull-ups,back,2,42,4,1
70,Plank,core,1,50,4,1
70,Plank,core,1,36,4,1
70,Bench Press,chest,3,86,3,1
70,Lunges,legs,1,41,4,1
70,OHP,shoulders,3,88,3,1
70,Push-ups,chest,1,87,4,1
70,OHP,shoulders,3,39,2,1
70,Deadlifts,back,3,87,4,1
70,Plank,core,1,71,4,1
70,Bench Press,chest,3,55,3,1
70,Plank,core,1,89,5,1
70,Deadlifts,back,3,35,4,1
71,Lunges,legs,1,37,4,2
71,Bench Press,chest,3,34,5,2
71,Pull-ups,back,2,20,4,2
71,Squats,legs,2,31,5,2
71,Pull-ups,back,2,79,5,2
71,Row,back,2,30,5,2
71,Burpees,full,2,32,5,2
71,Lunges,legs,1,38,4,2
71,Deadlifts,back,3,47,5,2
71,Row,back,2,60,5,2
71,Burpees,full,2,69,5,2
71,Push-ups,chest,1,49,3,2
71,Squats,legs,2,89,5,2
71,OHP,shoulders,3,70,3,2
71,Pull-ups,back,2,40,5,2
71,Push-ups,chest,1,48,5,2
71,Burpees,full,2,56,4,2
71,Lunges,legs,1,49,5,2
72,Deadlifts,back,3,84,3,2
72,Push-ups,chest,1,78,3,2
72,Burpees,full,2,50,5,2
72,Lunges,legs,1,21,3,2
72,Push-ups,chest,1,26,4,2
73,Burpees,full,2,87,5,2
73,Bench Press,chest,3,30,5,2
73,Push-ups,chest,1,42,5,2
73,Push-ups,chest,1,41,3,2
73,Row,back,2,31,4,2
73,Pull-ups,back,2,52,4,2
73,Pull-ups,back,2,57,4,2
73,Plank,core,1,39,4,2
73,Row,back,2,27,5,2
73,Pull-ups,back,2,89,4,2
73,Lunges,legs,1,86,5,2
73,Squats,legs,2,54,5,2
73,Push-ups,chest,1,58,4,2
73,Row,back,2,39,4,2
73,Lunges,legs,1,72,4,2
73,Push-ups,chest,1,57,3,2
73,Squats,legs,2,54,5,2
73,Lunges,legs,1,87,4,2
73,Bench Press,chest,3,24,3,2
73,Burpees,full,2,59,4,2
73,Plank,core,1,49,4,2
73,OHP,shoulders,3,38,3,2
73,Plank,core,1,53,4,2
74,Lunges,legs,1,44,4,2
74,Row,back,2,45,4,2
74,Lunges,legs,1,87,5,2
74,Push-ups,chest,1,69,3,2
74,Pull-ups,back,2,69,4,2
74,Deadlifts,back,3,81,3,2
74,Pull-ups,back,2,48,5,2
74,Squats,legs,2,63,4,2
74,Bench Press,chest,3,78,5,2
74,Lunges,legs,1,63,4,2
74,Deadlifts,back,3,76,3,2
74,Squats,legs,2,57,4,2
74,Bench Press,chest,3,82,5,2
74,OHP,shoulders,3,58,4,2
74,Squats,legs,2,85,5,2
74,Plank,core,1,50,3,2
74,Burpees,full,2,46,4,2
74,Burpees,full,2,62,5,2
74,Squats,legs,2,52,5,2
74,Plank,core,1,45,5,2
74,OHP,shoulders,3,64,4,2
74,Lunges,legs,1,86,4,2
74,Squats,legs,2,32,5,2
74,Burpees,full,2,20,4,2
75,Deadlifts,back,3,36,1,0
75,Burpees,full,2,32,2,0
75,Burpees,full,2,76,4,0
75,Plank,core,1,61,4,0
75,Deadlifts,back,3,63,1,0
75,Squats,legs,2,20,4,0
75,Pull-ups,back,2,26,2,0
75,Lunges,legs,1,73,5,0
75,Row,back,2,72,3,0
75,Lunges,legs,1,51,3,0
75,Squats,legs,2,56,4,0
75,Lunges,legs,1,37,3,0
76,Lunges,legs,1,20,5,0
76,Deadlifts,back,3,61,2,0
76,Plank,core,1,89,5,0
76,Bench Press,chest,3,63,3,0
76,Squats,legs,2,43,4,0
76,Deadlifts,back,3,21,3,0
76,Burpees,full,2,23,2,0
76,Bench Press,chest,3,52,2,0
76,Pull-ups,back,2,31,3,0
76,Lunges,legs,1,36,4,0
76,Lunges,legs,1,59,5,0
76,Squats,legs,2,48,2,0
76,Row,back,2,71,2,0
76,Burpees,full,2,40,3,0
76,Push-ups,chest,1,39,3,0
76,Pull-ups,back,2,82,2,0
76,Bench Press,chest,3,78,2,0
76,Plank,core,1,63,3,0
76,Deadlifts,back,3,34,3,0
76,OHP,shoulders,3,72,1,0
76,Pull-ups,back,2,32,3,0
76,Lunges,legs,1,89,3,0
76,OHP,shoulders,3,59,2,0
76,Pull-ups,back,2,47,4,0
76,OHP,shoulders,3,38,1,0
77,Row,back,2,77,3,1
77,Plank,core,1,72,5,1
77,Pull-ups,back,2,28,3,1
77,Burpees,full,2,53,3,1
77,Burpees,full,2,32,4,1
77,Burpees,full,2,23,4,1
77,OHP,shoulders,3,34,2,1
77,Lunges,legs,1,71,4,1
77,Deadlifts,back,3,26,4,1
77,Row,back,2,40,5,1
77,Push-ups,chest,1,48,5,1
77,Pull-ups,back,2,64,3,1
77,Plank,core,1,65,4,1
77,Push-ups,chest,1,32,5,1
77,Lunges,legs,1,74,4,1
78,Push-ups,chest,1,47,5,1
78,OHP,shoulders,3,86,2,1
78,Deadlifts,back,3,80,4,1
78,Deadlifts,back,3,28,4,1
78,Bench Press,chest,3,68,4,1
78,Deadlifts,back,3,65,2,1
78,Burpees,full,2,32,3,1
78,Pull-ups,back,2,36,5,1
78,Push-ups,chest,1,62,5,1
78,Row,back,2,47,3,1
78,Burpees,full,2,55,5,1
78,Deadlifts,back,3,52,2,1
78,Squats,legs,2,66,3,1
78,Row,back,2,52,5,1
78,Bench Press,chest,3,61,3,1
78,Bench Press,chest,3,66,4,1
78,Pull-ups,back,2,51,5,1
78,Lunges,legs,1,70,5,1
78,Plank,core,1,33,5,1
78,OHP,shoulders,3,75,2,1
78,Push-ups,chest,1,79,4,1
78,Pull-ups,back,2,25,4,1
79,Row,back,2,58,4,0
79,Burpees,full,2,29,4,0
79,Lunges,legs,1,86,3,0
79,Bench Press,chest,3,38,2,0
79,Push-ups,chest,1,76,5,0
79,Plank,core,1,32,5,0
79,OHP,shoulders,3,71,1,0
79,Deadlifts,back,3,60,3,0
79,OHP,shoulders,3,32,1,0
79,Plank,core,1,62,3,0
79,Plank,core,1,65,4,0
79,Lunges,legs,1,72,3,0
79,Burpees,full,2,22,2,0
79,Burpees,full,2,37,2,0
79,Push-ups,chest,1,74,3,0
79,Deadlifts,back,3,73,3,0
79,Push-ups,chest,1,71,5,0
79,Pull-ups,back,2,35,2,0
79,OHP,shoulders,3,66,3,0
79,Plank,core,1,80,4,0
79,Squats,legs,2,80,4,0
79,Pull-ups,back,2,74,3,0
79,Deadlifts,back,3,36,3,0
79,Pull-ups,back,2,43,2,0
79,OHP,shoulders,3,42,3,0
79,Bench Press,chest,3,31,3,0
80,Push-ups,chest,1,48,4,2
80,Pull-ups,back,2,67,5,2
80,OHP,shoulders,3,85,5,2
80,Deadlifts,back,3,67,4,2
80,OHP,shoulders,3,76,3,2
80,Squats,legs,2,51,5,2
80,Lunges,legs,1,49,5,2
80,Row,back,2,74,5,2
80,Burpees,full,2,57,5,2
80,Row,back,2,86,5,2
80,Row,back,2,59,5,2
80,Burpees,full,2,65,5,2
80,Row,back,2,37,5,2
80,Plank,core,1,22,4,2
80,OHP,shoulders,3,50,3,2
80,Lunges,legs,1,22,3,2
80,Squats,legs,2,34,4,2
80,Squats,legs,2,47,4,2
80,Squats,legs,2,67,5,2
80,Squats,legs,2,77,5,2
80,Push-ups,chest,1,44,5,2
80,Bench Press,chest,3,67,3,2
80,Row,back,2,49,5,2
81,Pull-ups,back,2,53,5,2
81,Bench Press,chest,3,25,5,2
81,OHP,shoulders,3,83,5,2
81,Pull-ups,back,2,84,5,2
81,Squats,legs,2,66,5,2
81,Squats,legs,2,80,5,2
81,Bench Press,chest,3,42,5,2
81,Plank,core,1,70,5,2
81,Squats,legs,2,41,5,2
81,OHP,shoulders,3,52,5,2
81,Deadlifts,back,3,63,5,2
81,Push-ups,chest,1,36,3,2
81,Row,back,2,49,5,2
81,Pull-ups,back,2,45,5,2
81,OHP,shoulders,3,47,3,2
81,Burpees,full,2,50,5,2
81,Squats,legs,2,70,5,2
81,Push-ups,chest,1,78,3,2
81,Plank,core,1,56,3,2
81,Squats,legs,2,72,5,2
81,Plank,core,1,81,5,2
81,Squats,legs,2,21,4,2
82,Burpees,full,2,70,2,0
82,Burpees,full,2,81,3,0
82,Burpees,full,2,81,4,0
82,Push-ups,chest,1,71,3,0
82,Deadlifts,back,3,79,2,0
82,Lunges,legs,1,73,5,0
82,Pull-ups,back,2,28,3,0
82,Push-ups,chest,1,55,5,0
82,Deadlifts,back,3,39,1,0
82,Deadlifts,back,3,82,3,0
83,Lunges,legs,1,22,4,1
83,Row,back,2,43,3,1
83,Push-ups,chest,1,73,5,1
83,Burpees,full,2,57,4,1
83,OHP,shoulders,3,66,2,1
83,Squats,legs,2,60,4,1
83,Plank,core,1,67,4,1
83,Bench Press,chest,3,41,4,1
83,Bench Press,chest,3,24,2,1
84,Pull-ups,back,2,36,5,1
84,Bench Press,chest,3,58,3,1
84,Pull-ups,back,2,67,5,1
84,Plank,core,1,46,4,1
84,Deadlifts,back,3,66,3,1
84,OHP,shoulders,3,40,4,1
84,Burpees,full,2,61,4,1
84,Plank,core,1,52,5,1
84,Push-ups,chest,1,35,5,1
84,Plank,core,1,36,4,1
84,Row,back,2,27,4,1
84,Burpees,full,2,37,4,1
84,Push-ups,chest,1,70,5,1
84,Row,back,2,66,4,1
84,Plank,core,1,61,5,1
84,Plank,core,1,86,4,1
84,Row,back,2,21,3,1
84,Pull-ups,back,2,83,4,1
84,Lunges,legs,1,81,5,1
84,Burpees,full,2,31,3,1
84,Plank,core,1,52,5,1
84,Deadlifts,back,3,33,4,1
84,Burpees,full,2,45,3,1
84,Row,back,2,36,3,1
84,Deadlifts,back,3,79,2,1
84,Squats,legs,2,44,3,1
84,Lunges,legs,1,20,4,1
84,OHP,shoulders,3,29,4,1
84,Plank,core,1,30,5,1
85,Burpees,full,2,69,4,2
85,Squats,legs,2,32,4,2
85,Pull-ups,back,2,39,5,2
85,Plank,core,1,43,5,2
85,OHP,shoulders,3,52,4,2
85,Deadlifts,back,3,84,5,2
85,Pull-ups,back,2,38,5,2
85,Deadlifts,back,3,53,5,2
85,Deadlifts,back,3,72,4,2
85,Push-ups,chest,1,67,4,2
85,Deadlifts,back,3,62,3,2
85,Plank,core,1,74,4,2
85,Bench Press,chest,3,89,5,2
85,Deadlifts,back,3,54,4,2
85,Push-ups,chest,1,37,4,2
85,Push-ups,chest,1,62,5,2
85,OHP,shoulders,3,65,3,2
86,Row,back,2,59,5,2
86,Push-ups,chest,1,24,4,2
86,Lunges,legs,1,77,4,2
86,Row,back,2,57,4,2
86,Row,back,2,68,4,2
86,Deadlifts,back,3,47,4,2
86,Squats,legs,2,79,5,2
86,OHP,shoulders,3,65,5,2
86,Push-ups,chest,1,80,3,2
86,Burpees,full,2,45,5,2
86,Burpees,full,2,82,5,2
86,Row,back,2,64,5,2
86,Row,back,2,84,5,2
86,Lunges,legs,1,56,5,2
86,Row,back,2,70,5,2
86,Row,back,2,26,5,2
86,Squats,legs,2,42,5,2
86,OHP,shoulders,3,28,4,2
86,Lunges,legs,1,32,5,2
86,Row,back,2,69,5,2
86,Squats,legs,2,60,4,2
86,Pull-ups,back,2,75,4,2
87,Bench Press,chest,3,25,3,1
87,Squats,legs,2,70,4,1
87,Squats,legs,2,73,3,1
87,Lunges,legs,1,47,5,1
87,Burpees,full,2,55,5,1
87,Deadlifts,back,3,85,3,1
87,Lunges,legs,1,82,5,1
87,Push-ups,chest,1,39,4,1
87,OHP,shoulders,3,69,3,1
87,Pull-ups,back,2,78,5,1
87,Plank,core,1,82,4,1
87,Plank,core,1,56,4,1
87,Deadlifts,back,3,52,4,1
87,Plank,core,1,63,5,1
87,OHP,shoulders,3,54,2,1
87,Lunges,legs,1,27,5,1
87,Deadlifts,back,3,81,3,1
87,Push-ups,chest,1,47,5,1
87,OHP,shoulders,3,21,4,1
87,Pull-ups,back,2,23,3,1
88,Push-ups,chest,1,32,5,0
88,OHP,shoulders,3,68,2,0
88,Pull-ups,back,2,67,2,0
88,Pull-ups,back,2,42,3,0
88,Pull-ups,back,2,71,4,0
88,Plank,core,1,21,5,0
88,Bench Press,chest,3,54,2,0
88,Plank,core,1,51,3,0
88,OHP,shoulders,3,58,3,0
88,Pull-ups,back,2,79,2,0
88,Row,back,2,23,4,0
88,Pull-ups,back,2,85,3,0
88,Plank,core,1,37,5,0
88,Plank,core,1,48,5,0
88,Push-ups,chest,1,23,3,0
88,Plank,core,1,61,5,0
88,Deadlifts,back,3,39,1,0
89,Deadlifts,back,3,81,2,0
89,Deadlifts,back,3,25,3,0
89,Plank,core,1,42,3,0
89,Row,back,2,63,2,0
89,Plank,core,1,61,3,0
89,Pull-ups,back,2,38,4,0
89,Deadlifts,back,3,51,3,0
90,Bench Press,chest,3,65,1,0
90,Pull-ups,back,2,41,3,0
90,OHP,shoulders,3,24,3,0
90,Push-ups,chest,1,71,3,0
90,OHP,shoulders,3,22,2,0
90,OHP,shoulders,3,46,2,0
90,OHP,shoulders,3,72,2,0
90,Deadlifts,back,3,36,2,0
90,Lunges,legs,1,55,5,0
90,OHP,shoulders,3,58,2,0
90,Plank,core,1,34,5,0
90,Bench Press,chest,3,78,2,0
90,OHP,shoulders,3,31,3,0
90,Squats,legs,2,51,4,0
90,Row,back,2,80,2,0
90,Deadlifts,back,3,80,2,0
90,Push-ups,chest,1,65,5,0
90,Bench Press,chest,3,86,1,0
90,Push-ups,chest,1,44,4,0
90,Pull-ups,back,2,32,4,0
91,Lunges,legs,1,31,4,1
91,Deadlifts,back,3,53,2,1
91,Lunges,legs,1,31,5,1
91,Deadlifts,back,3,47,4,1
91,OHP,shoulders,3,62,4,1
91,Squats,legs,2,50,4,1
91,Pull-ups,back,2,61,5,1
91,Lunges,legs,1,75,5,1
91,Deadlifts,back,3,33,3,1
91,Push-ups,chest,1,48,4,1
91,Push-ups,chest,1,69,5,1
91,Pull-ups,back,2,84,4,1
91,OHP,shoulders,3,30,3,1
91,Row,back,2,22,3,1
91,Push-ups,chest,1,62,4,1
91,Squats,legs,2,31,5,1
91,Pull-ups,back,2,77,3,1
91,Lunges,legs,1,67,5,1
91,Bench Press,chest,3,63,4,1
92,Push-ups,chest,1,74,3,2
92,Deadlifts,back,3,34,3,2
92,Deadlifts,back,3,34,3,2
92,Row,back,2,34,5,2
92,Bench Press,chest,3,62,4,2
93,Push-ups,chest,1,59,5,2
93,Burpees,full,2,30,4,2
93,Bench Press,chest,3,81,5,2
93,OHP,shoulders,3,27,5,2
93,Burpees,full,2,23,5,2
93,Plank,core,1,60,3,2
93,Push-ups,chest,1,65,4,2
93,OHP,shoulders,3,26,4,2
93,Pull-ups,back,2,55,4,2
93,Plank,core,1,26,5,2
93,Row,back,2,65,5,2
93,Deadlifts,back,3,41,5,2
93,Push-ups,chest,1,40,5,2
93,Pull-ups,back,2,36,5,2
93,Pull-ups,back,2,42,5,2
93,Row,back,2,50,4,2
93,Lunges,legs,1,56,5,2
93,Row,back,2,50,5,2
93,Squats,legs,2,55,5,2
93,Deadlifts,back,3,74,3,2
94,Lunges,legs,1,47,5,1
94,Pull-ups,back,2,58,5,1
94,OHP,shoulders,3,63,4,1
94,Squats,legs,2,51,3,1
94,Lunges,legs,1,46,5,1
94,Pull-ups,back,2,60,4,1
94,Burpees,full,2,37,3,1
94,Burpees,full,2,48,4,1
95,Deadlifts,back,3,53,3,0
95,Bench Press,chest,3,23,2,0
95,Push-ups,chest,1,77,4,0
95,Deadlifts,back,3,89,1,0
95,OHP,shoulders,3,66,1,0
95,Squats,legs,2,68,3,0
95,Plank,core,1,77,5,0
95,OHP,shoulders,3,60,2,0
95,Row,back,2,34,2,0
95,Pull-ups,back,2,42,2,0
96,Bench Press,chest,3,79,4,2
96,Lunges,legs,1,77,5,2
96,Burpees,full,2,32,5,2
96,Bench Press,chest,3,28,5,2
96,Burpees,full,2,44,4,2
96,Plank,core,1,55,3,2
96,Deadlifts,back,3,73,4,2
96,Squats,legs,2,79,4,2
96,Squats,legs,2,38,4,2
96,Plank,core,1,65,4,2
96,Pull-ups,back,2,50,4,2
96,Bench Press,chest,3,53,5,2
96,Deadlifts,back,3,25,5,2
97,Plank,core,1,79,3,0
97,Burpees,full,2,66,4,0
97,OHP,shoulders,3,46,2,0
97,Lunges,legs,1,66,3,0
97,Burpees,full,2,67,3,0
97,Push-ups,chest,1,34,5,0
97,OHP,shoulders,3,46,1,0
97,OHP,shoulders,3,36,3,0
97,Row,back,2,52,3,0
97,Pull-ups,back,2,27,2,0
97,OHP,shoulders,3,53,3,0
98,Lunges,legs,1,74,5,0
98,Deadlifts,back,3,37,1,0
98,Burpees,full,2,59,2,0
98,Pull-ups,back,2,76,4,0
98,Row,back,2,43,2,0
98,Row,back,2,62,3,0
98,Plank,core,1,25,4,0
98,Deadlifts,back,3,86,3,0
98,Push-ups,chest,1,26,3,0
98,Row,back,2,50,2,0
98,Bench Press,chest,3,59,2,0
99,OHP,shoulders,3,24,1,0
99,Plank,core,1,20,3,0
99,Squats,legs,2,49,4,0
99,OHP,shoulders,3,34,2,0
99,Plank,core,1,79,5,0
99,Push-ups,chest,1,83,3,0
99,Deadlifts,back,3,32,1,0
99,Pull-ups,back,2,42,2,0
99,Push-ups,chest,1,56,4,0
99,OHP,shoulders,3,53,3,0
99,OHP,shoulders,3,28,2,0
100,Plank,core,1,52,4,1
100,Pull-ups,back,2,86,5,1
100,Deadlifts,back,3,68,4,1
100,Plank,core,1,69,5,1
100,Burpees,full,2,57,4,1
100,OHP,shoulders,3,87,3,1
100,Bench Press,chest,3,83,3,1
100,Burpees,full,2,61,3,1
101,Squats,legs,2,55,4,0
101,Burpees,full,2,27,2,0
101,OHP,shoulders,3,27,1,0
101,Burpees,full,2,85,4,0
101,OHP,shoulders,3,80,2,0
101,Row,back,2,32,2,0
101,Deadlifts,back,3,84,1,0
101,Squats,legs,2,36,4,0
101,Row,back,2,53,3,0
101,Deadlifts,back,3,48,2,0
101,Deadlifts,back,3,85,2,0
101,Lunges,legs,1,24,3,0
101,Deadlifts,back,3,40,3,0
101,Bench Press,chest,3,31,2,0
101,Squats,legs,2,24,2,0
101,Deadlifts,back,3,67,2,0
101,Squats,legs,2,36,3,0
101,OHP,shoulders,3,87,2,0
101,Squats,legs,2,60,2,0
101,Bench Press,chest,3,34,3,0
101,Row,back,2,76,4,0
101,Bench Press,chest,3,26,1,0
102,Plank,core,1,59,4,0
102,Deadlifts,back,3,75,3,0
102,OHP,shoulders,3,59,3,0
102,Push-ups,chest,1,28,4,0
102,OHP,shoulders,3,84,3,0
102,Row,back,2,56,4,0
102,OHP,shoulders,3,52,1,0
102,Pull-ups,back,2,70,4,0
102,Row,back,2,35,3,0
102,Row,back,2,70,4,0
102,OHP,shoulders,3,55,2,0
102,Burpees,full,2,84,2,0
102,Pull-ups,back,2,64,2,0
102,Pull-ups,back,2,20,3,0
102,Deadlifts,back,3,50,1,0
102,Pull-ups,back,2,27,3,0
102,OHP,shoulders,3,68,2,0
102,Burpees,full,2,22,2,0
102,Push-ups,chest,1,71,5,0
102,Push-ups,chest,1,88,3,0
102,Plank,core,1,46,5,0
102,Push-ups,chest,1,44,4,0
102,Bench Press,chest,3,27,1,0
102,Push-ups,chest,1,48,4,0
102,Squats,legs,2,26,4,0
102,Row,back,2,31,4,0
102,Lunges,legs,1,43,3,0
103,Plank,core,1,82,5,1
103,Row,back,2,85,4,1
103,Bench Press,chest,3,71,3,1
103,Push-ups,chest,1,26,4,1
103,Lunges,legs,1,72,5,1
103,Bench Press,chest,3,23,2,1
103,Row,back,2,71,5,1
103,Deadlifts,back,3,63,2,1
103,Bench Press,chest,3,72,4,1
103,Deadlifts,back,3,49,3,1
103,Squats,legs,2,81,5,1
103,Burpees,full,2,81,5,1
103,Squats,legs,2,29,4,1
103,Squats,legs,2,30,4,1
103,Row,back,2,42,5,1
103,Row,back,2,37,5,1
103,Row,back,2,30,4,1
103,Squats,legs,2,81,5,1
103,Deadlifts,back,3,80,3,1
103,Squats,legs,2,73,5,1
103,Deadlifts,back,3,85,4,1
103,Bench Press,chest,3,53,4,1
104,Burpees,full,2,70,3,0
104,Deadlifts,back,3,46,3,0
104,Row,back,2,75,2,0
104,Pull-ups,back,2,37,2,0
104,Deadlifts,back,3,20,2,0
104,Deadlifts,back,3,89,2,0
104,Row,back,2,51,3,0
104,Push-ups,chest,1,31,4,0
104,Plank,core,1,43,3,0
104,Squats,legs,2,57,3,0
104,Burpees,full,2,27,4,0
104,Plank,core,1,35,4,0
104,Pull-ups,back,2,53,4,0
104,Pull-ups,back,2,82,2,0
104,Burpees,full,2,56,3,0
104,OHP,shoulders,3,67,3,0
104,OHP,shoulders,3,50,1,0
104,Plank,core,1,75,3,0
104,Bench Press,chest,3,30,1,0
104,Deadlifts,back,3,55,3,0
105,Pull-ups,back,2,21,5,2
105,Lunges,legs,1,59,3,2
105,Pull-ups,back,2,21,5,2
105,Pull-ups,back,2,79,4,2
105,Deadlifts,back,3,20,4,2
105,Plank,core,1,73,5,2
105,Squats,legs,2,47,5,2
106,Row,back,2,35,2,0
106,OHP,shoulders,3,28,3,0
106,Squats,legs,2,62,4,0
106,Pull-ups,back,2,52,4,0
106,Plank,core,1,21,4,0
106,Plank,core,1,88,4,0
106,OHP,shoulders,3,38,2,0
106,Bench Press,chest,3,62,2,0
106,Deadlifts,back,3,68,3,0
106,Squats,legs,2,48,3,0
106,Lunges,legs,1,42,5,0
106,Squats,legs,2,29,2,0
106,Plank,core,1,67,3,0
106,OHP,shoulders,3,45,1,0
106,Deadlifts,back,3,57,1,0
107,Lunges,legs,1,53,5,0
107,Lunges,legs,1,56,4,0
107,Lunges,legs,1,59,3,0
107,Pull-ups,back,2,89,3,0
107,Push-ups,chest,1,71,3,0
107,Bench Press,chest,3,20,3,0
107,Bench Press,chest,3,41,2,0
107,Squats,legs,2,50,4,0
107,Deadlifts,back,3,23,1,0
107,Lunges,legs,1,88,3,0
108,Burpees,full,2,31,5,1
108,Plank,core,1,82,5,1
108,Push-ups,chest,1,33,5,1
108,Lunges,legs,1,45,5,1
108,Lunges,legs,1,88,5,1
108,Burpees,full,2,42,5,1
108,Deadlifts,back,3,33,2,1
108,Lunges,legs,1,47,5,1
108,Push-ups,chest,1,55,5,1
108,OHP,shoulders,3,26,4,1
108,Push-ups,chest,1,40,5,1
108,Squats,legs,2,66,3,1
108,Deadlifts,back,3,60,4,1
108,Plank,core,1,36,4,1
108,Burpees,full,2,67,5,1
108,Pull-ups,back,2,74,3,1
108,Bench Press,chest,3,72,2,1
108,OHP,shoulders,3,80,2,1
109,Plank,core,1,44,5,0
109,Bench Press,chest,3,87,3,0
109,Bench Press,chest,3,85,2,0
109,Pull-ups,back,2,36,3,0
109,Squats,legs,2,81,2,0
109,Pull-ups,back,2,85,2,0
109,Burpees,full,2,40,4,0
109,Row,back,2,42,4,0
109,Lunges,legs,1,74,4,0
109,Pull-ups,back,2,85,4,0
109,OHP,shoulders,3,58,2,0
109,OHP,shoulders,3,48,1,0
109,Plank,core,1,50,4,0
109,Push-ups,chest,1,66,5,0
109,Row,back,2,68,2,0
109,Squats,legs,2,36,3,0
109,Deadlifts,back,3,49,1,0
109,Deadlifts,back,3,27,3,0
109,OHP,shoulders,3,50,1,0
110,Lunges,legs,1,67,4,0
110,Squats,legs,2,74,4,0
110,Squats,legs,2,88,4,0
110,Squats,legs,2,46,2,0
110,Pull-ups,back,2,35,2,0
110,Bench Press,chest,3,81,1,0
110,Burpees,full,2,23,3,0
110,Burpees,full,2,50,2,0
110,Pull-ups,back,2,88,2,0
110,Push-ups,chest,1,64,5,0
110,Pull-ups,back,2,77,4,0
110,OHP,shoulders,3,54,3,0
110,Lunges,legs,1,25,4,0
110,Plank,core,1,49,3,0
110,Plank,core,1,47,3,0
110,Bench Press,chest,3,72,2,0
111,Push-ups,chest,1,72,5,1
111,Deadlifts,back,3,26,3,1
111,Squats,legs,2,28,4,1
111,Deadlifts,back,3,82,4,1
111,Pull-ups,back,2,33,5,1
111,Plank,core,1,26,5,1
111,OHP,shoulders,3,74,4,1
111,Squats,legs,2,37,3,1
111,Bench Press,chest,3,55,4,1
111,Push-ups,chest,1,68,5,1
111,Squats,legs,2,48,4,1
111,Push-ups,chest,1,74,5,1
111,OHP,shoulders,3,60,4,1
111,Pull-ups,back,2,85,5,1
111,Plank,core,1,31,5,1
111,Row,back,2,29,5,1
111,Pull-ups,back,2,80,5,1
111,Row,back,2,27,4,1
111,Bench Press,chest,3,88,4,1
111,Deadlifts,back,3,67,3,1
111,OHP,shoulders,3,66,2,1
111,Burpees,full,2,25,5,1
111,Bench Press,chest,3,34,3,1
111,Deadlifts,back,3,57,3,1
112,Burpees,full,2,22,5,2
112,Push-ups,chest,1,73,4,2
112,Squats,legs,2,36,5,2
112,Push-ups,chest,1,32,5,2
112,Deadlifts,back,3,37,3,2
112,Burpees,full,2,63,4,2
112,OHP,shoulders,3,31,3,2
112,Pull-ups,back,2,72,5,2
112,Lunges,legs,1,84,5,2
112,Push-ups,chest,1,28,5,2
112,Plank,core,1,69,5,2
112,Squats,legs,2,51,5,2
112,Squats,legs,2,46,4,2
112,Squats,legs,2,70,4,2
112,Push-ups,chest,1,55,3,2
112,Push-ups,chest,1,87,3,2
112,Burpees,full,2,45,5,2
112,OHP,shoulders,3,21,5,2
112,Plank,core,1,23,3,2
112,Pull-ups,back,2,80,5,2
112,Pull-ups,back,2,34,5,2
112,Bench Press,chest,3,86,4,2
112,Row,back,2,25,5,2
112,Lunges,legs,1,77,3,2
112,Lunges,legs,1,61,4,2
113,Squats,legs,2,54,5,1
113,Deadlifts,back,3,71,2,1
113,Deadlifts,back,3,23,4,1
113,Pull-ups,back,2,85,5,1
113,Squats,legs,2,28,3,1
113,Row,back,2,36,5,1
113,Bench Press,chest,3,31,2,1
113,Plank,core,1,30,4,1
113,Lunges,legs,1,45,5,1
113,Lunges,legs,1,25,4,1
113,Row,back,2,54,4,1
113,OHP,shoulders,3,56,2,1
113,Deadlifts,back,3,86,4,1
113,Plank,core,1,68,5,1
113,Deadlifts,back,3,45,2,1
113,Deadlifts,back,3,77,2,1
113,Row,back,2,48,3,1
113,Deadlifts,back,3,23,4,1
113,Lunges,legs,1,56,4,1
113,Deadlifts,back,3,36,4,1
113,OHP,shoulders,3,52,2,1
113,Bench Press,chest,3,41,2,1
113,Squats,legs,2,31,5,1
113,Lunges,legs,1,21,4,1
114,Lunges,legs,1,74,3,2
114,Lunges,legs,1,70,3,2
114,Bench Press,chest,3,29,4,2
114,Squats,legs,2,33,5,2
114,OHP,shoulders,3,80,5,2
114,Burpees,full,2,30,5,2
114,Lunges,legs,1,53,3,2
114,Squats,legs,2,83,4,2
114,OHP,shoulders,3,85,5,2
114,Squats,legs,2,81,5,2
114,Burpees,full,2,27,5,2
114,Burpees,full,2,78,5,2
114,Plank,core,1,41,4,2
114,Push-ups,chest,1,60,3,2
114,Squats,legs,2,21,5,2
114,Squats,legs,2,35,5,2
114,Lunges,legs,1,33,3,2
115,Push-ups,chest,1,65,4,1
115,Push-ups,chest,1,41,5,1
115,Burpees,full,2,60,5,1
115,Deadlifts,back,3,26,2,1
115,OHP,shoulders,3,23,3,1
115,Bench Press,chest,3,45,4,1
115,Squats,legs,2,88,5,1
115,Pull-ups,back,2,35,5,1
115,Push-ups,chest,1,66,5,1
115,Plank,core,1,56,4,1
115,Bench Press,chest,3,79,2,1
115,Push-ups,chest,1,51,5,1
115,Squats,legs,2,75,3,1
115,Squats,legs,2,47,4,1
115,OHP,shoulders,3,48,2,1
115,Burpees,full,2,41,4,1
115,Bench Press,chest,3,42,3,1
116,Plank,core,1,33,3,2
116,OHP,shoulders,3,29,5,2
116,OHP,shoulders,3,23,4,2
116,Push-ups,chest,1,23,4,2
116,OHP,shoulders,3,54,5,2
116,Row,back,2,84,5,2
116,Burpees,full,2,84,4,2
116,Plank,core,1,37,4,2
116,Squats,legs,2,45,4,2
116,Lunges,legs,1,85,4,2
116,Burpees,full,2,44,5,2
116,Push-ups,chest,1,26,5,2
116,Pull-ups,back,2,27,5,2
116,Plank,core,1,49,4,2
116,Deadlifts,back,3,34,5,2
116,OHP,shoulders,3,43,5,2
116,Row,back,2,60,5,2
116,Row,back,2,71,5,2
116,Pull-ups,back,2,34,4,2
117,Bench Press,chest,3,74,3,2
117,Squats,legs,2,29,4,2
117,Row,back,2,76,5,2
117,Plank,core,1,87,3,2
117,Pull-ups,back,2,74,4,2
117,Deadlifts,back,3,20,4,2
117,Push-ups,chest,1,31,5,2
117,Deadlifts,back,3,52,5,2
117,Push-ups,chest,1,44,5,2
117,Pull-ups,back,2,65,5,2
117,Lunges,legs,1,81,4,2
117,Plank,core,1,82,5,2
117,Bench Press,chest,3,79,5,2
117,Push-ups,chest,1,32,4,2
117,Burpees,full,2,62,4,2
117,Row,back,2,42,5,2
117,Bench Press,chest,3,50,4,2
117,Row,back,2,37,5,2
117,OHP,shoulders,3,66,5,2
118,Plank,core,1,50,5,1
118,Push-ups,chest,1,41,4,1
118,OHP,shoulders,3,39,2,1
118,Push-ups,chest,1,51,5,1
118,Squats,legs,2,60,4,1
118,Plank,core,1,64,4,1
119,Bench Press,chest,3,66,4,2
119,Pull-ups,back,2,43,5,2
119,Push-ups,chest,1,69,4,2
119,Bench Press,chest,3,46,4,2
119,Squats,legs,2,22,5,2
119,Plank,core,1,44,3,2
119,Squats,legs,2,79,5,2
119,OHP,shoulders,3,30,5,2
119,Pull-ups,back,2,53,5,2
119,Squats,legs,2,26,5,2
119,OHP,shoulders,3,83,4,2
119,OHP,shoulders,3,77,5,2
119,Pull-ups,back,2,79,4,2
119,Squats,legs,2,21,5,2
119,Lunges,legs,1,55,3,2
119,Lunges,legs,1,42,4,2
119,Squats,legs,2,45,5,2
119,Deadlifts,back,3,75,3,2
119,Deadlifts,back,3,66,3,2
119,Plank,core,1,77,4,2
119,Lunges,legs,1,43,4,2
119,Pull-ups,back,2,80,5,2
119,Plank,core,1,57,3,2
119,Plank,core,1,47,4,2
119,Deadlifts,back,3,60,3,2
119,Lunges,legs,1,70,3,2
119,Pull-ups,back,2,50,5,2
120,Lunges,legs,1,28,5,1
120,OHP,shoulders,3,21,4,1
120,Burpees,full,2,70,4,1
120,Pull-ups,back,2,42,5,1
120,Plank,core,1,81,5,1
120,Deadlifts,back,3,34,2,1
120,Squats,legs,2,54,5,1
120,Pull-ups,back,2,68,4,1
120,Squats,legs,2,20,3,1
120,Burpees,full,2,60,3,1
120,Deadlifts,back,3,39,2,1
120,OHP,shoulders,3,30,3,1
120,Deadlifts,back,3,43,4,1
120,Burpees,full,2,56,4,1
120,Plank,core,1,34,5,1
120,Pull-ups,back,2,63,4,1
120,Squats,legs,2,40,5,1
120,Plank,core,1,82,5,1
120,OHP,shoulders,3,36,3,1
120,Push-ups,chest,1,79,5,1
120,Squats,legs,2,34,4,1
120,Lunges,legs,1,82,5,1
121,Lunges,legs,1,28,4,2
121,Row,back,2,38,4,2
121,Deadlifts,back,3,28,4,2
121,Bench Press,chest,3,56,5,2
121,OHP,shoulders,3,38,5,2
122,Push-ups,chest,1,20,3,0
122,Squats,legs,2,63,4,0
122,Bench Press,chest,3,28,2,0
122,Push-ups,chest,1,75,4,0
122,Deadlifts,back,3,50,3,0
122,OHP,shoulders,3,69,1,0
123,Push-ups,chest,1,38,5,0
123,Row,back,2,83,2,0
123,Lunges,legs,1,36,4,0
123,Plank,core,1,74,5,0
123,Deadlifts,back,3,25,2,0
123,Deadlifts,back,3,59,3,0
123,Pull-ups,back,2,85,2,0
123,Deadlifts,back,3,62,3,0
123,Row,back,2,45,3,0
123,Deadlifts,back,3,74,2,0
123,Squats,legs,2,84,3,0
123,Pull-ups,back,2,77,3,0
123,OHP,shoulders,3,48,3,0
123,Deadlifts,back,3,89,1,0
123,Push-ups,chest,1,25,4,0
123,Deadlifts,back,3,71,2,0
123,Burpees,full,2,58,3,0
123,OHP,shoulders,3,31,3,0
123,Bench Press,chest,3,22,3,0
124,Deadlifts,back,3,33,4,1
124,Deadlifts,back,3,38,2,1
124,Pull-ups,back,2,61,4,1
124,Bench Press,chest,3,29,2,1
124,Burpees,full,2,35,4,1
124,Squats,legs,2,42,4,1
124,Burpees,full,2,47,4,1
124,Deadlifts,back,3,87,3,1
124,Plank,core,1,38,5,1
124,Plank,core,1,65,5,1
124,OHP,shoulders,3,37,3,1
124,Push-ups,chest,1,80,5,1
124,Plank,core,1,46,5,1
124,Plank,core,1,52,4,1
124,Lunges,legs,1,69,5,1
124,Burpees,full,2,72,3,1
124,Row,back,2,22,3,1
124,Row,back,2,77,3,1
124,Push-ups,chest,1,55,5,1
124,Squats,legs,2,59,4,1
124,Push-ups,chest,1,55,4,1
124,Bench Press,chest,3,83,3,1
124,Deadlifts,back,3,37,2,1
124,Plank,core,1,87,5,1
124,Push-ups,chest,1,29,4,1
124,Burpees,full,2,70,3,1
125,Lunges,legs,1,85,5,1
125,Pull-ups,back,2,83,5,1
125,Pull-ups,back,2,68,4,1
125,Pull-ups,back,2,68,3,1
125,Lunges,legs,1,89,4,1
125,Plank,core,1,23,5,1
125,Bench Press,chest,3,30,4,1
125,OHP,shoulders,3,29,4,1
125,Row,back,2,88,5,1
125,Push-ups,chest,1,51,5,1
125,Pull-ups,back,2,63,4,1
125,OHP,shoulders,3,65,4,1
125,Burpees,full,2,73,5,1
125,Bench Press,chest,3,28,3,1
125,Deadlifts,back,3,31,2,1
125,Push-ups,chest,1,52,5,1
125,Push-ups,chest,1,42,5,1
125,Lunges,legs,1,63,4,1
126,Row,back,2,21,4,0
126,Burpees,full,2,62,4,0
126,Burpees,full,2,82,4,0
126,Plank,core,1,74,3,0
126,Plank,core,1,49,4,0
126,Pull-ups,back,2,69,3,0
126,Push-ups,chest,1,40,4,0
126,Bench Press,chest,3,69,2,0
126,Pull-ups,back,2,38,3,0
127,Plank,core,1,74,4,0
127,Row,back,2,62,4,0
127,Squats,legs,2,34,3,0
127,Bench Press,chest,3,26,2,0
127,Push-ups,chest,1,69,3,0
128,Deadlifts,back,3,31,3,2
128,Row,back,2,42,5,2
128,Row,back,2,71,5,2
128,Squats,legs,2,38,5,2
128,Burpees,full,2,78,4,2
128,Bench Press,chest,3,32,4,2
128,Squats,legs,2,31,4,2
128,OHP,shoulders,3,80,5,2
128,Burpees,full,2,55,5,2
128,Lunges,legs,1,41,3,2
128,Deadlifts,back,3,33,3,2
128,Squats,legs,2,69,4,2
128,Lunges,legs,1,78,5,2
128,Row,back,2,44,4,2
128,Bench Press,chest,3,30,3,2
128,Burpees,full,2,26,5,2
128,Push-ups,chest,1,39,4,2
128,Row,back,2,24,4,2
128,OHP,shoulders,3,34,4,2
128,Deadlifts,back,3,40,4,2
128,Burpees,full,2,85,5,2
128,Squats,legs,2,70,5,2
128,Lunges,legs,1,56,4,2
128,Push-ups,chest,1,70,4,2
128,Bench Press,chest,3,84,3,2
129,Row,back,2,49,4,0
129,OHP,shoulders,3,82,2,0
129,Row,back,2,45,2,0
129,Bench Press,chest,3,59,3,0
129,Squats,legs,2,28,4,0
129,Pull-ups,back,2,88,4,0
129,Burpees,full,2,46,2,0
129,Burpees,full,2,79,2,0
129,Row,back,2,46,3,0
129,Lunges,legs,1,38,4,0
129,OHP,shoulders,3,34,3,0
129,Lunges,legs,1,51,5,0
129,Burpees,full,2,71,3,0
129,Burpees,full,2,54,3,0
129,Pull-ups,back,2,80,4,0
129,Push-ups,chest,1,68,3,0
129,Squats,legs,2,47,3,0
130,Squats,legs,2,88,4,0
130,OHP,shoulders,3,84,2,0
130,Pull-ups,back,2,87,3,0
130,Bench Press,chest,3,87,2,0
130,OHP,shoulders,3,23,1,0
130,Row,back,2,52,2,0
130,Row,back,2,88,4,0
130,Burpees,full,2,23,3,0
130,Pull-ups,back,2,78,2,0
130,Deadlifts,back,3,41,1,0
131,Deadlifts,back,3,62,1,0
131,Deadlifts,back,3,32,2,0
131,Burpees,full,2,86,4,0
131,OHP,shoulders,3,84,3,0
131,Push-ups,chest,1,88,4,0
131,OHP,shoulders,3,50,3,0
131,Lunges,legs,1,54,4,0
131,Lunges,legs,1,88,4,0
131,Plank,core,1,27,4,0
131,OHP,shoulders,3,42,2,0
131,Deadlifts,back,3,49,3,0
131,Row,back,2,58,2,0
131,Squats,legs,2,41,3,0
131,Lunges,legs,1,48,5,0
131,Row,back,2,79,4,0
131,OHP,shoulders,3,87,3,0
131,Lunges,legs,1,25,3,0
131,OHP,shoulders,3,69,2,0
131,Lunges,legs,1,56,4,0
131,Plank,core,1,34,5,0
131,Burpees,full,2,89,4,0
131,Burpees,full,2,65,2,0
132,Burpees,full,2,51,3,1
132,Squats,legs,2,60,3,1
132,Bench Press,chest,3,59,3,1
132,Deadlifts,back,3,50,3,1
132,Bench Press,chest,3,71,2,1
132,Burpees,full,2,75,5,1
132,Squats,legs,2,21,4,1
132,Pull-ups,back,2,75,5,1
132,Bench Press,chest,3,31,3,1
132,Squats,legs,2,45,4,1
132,Deadlifts,back,3,35,2,1
132,Plank,core,1,68,4,1
132,OHP,shoulders,3,34,2,1
132,Burpees,full,2,55,4,1
132,OHP,shoulders,3,81,3,1
132,Pull-ups,back,2,80,3,1
132,Squats,legs,2,62,5,1
132,Push-ups,chest,1,74,5,1
132,Pull-ups,back,2,58,3,1
132,Burpees,full,2,34,5,1
132,Burpees,full,2,44,4,1
132,Plank,core,1,50,5,1
132,Pull-ups,back,2,53,5,1
132,Lunges,legs,1,78,5,1
132,Push-ups,chest,1,32,4,1
132,Bench Press,chest,3,55,2,1
132,Push-ups,chest,1,67,4,1
133,Lunges,legs,1,87,4,2
133,Deadlifts,back,3,27,4,2
133,Push-ups,chest,1,23,4,2
133,Deadlifts,back,3,79,3,2
133,Squats,legs,2,34,4,2
133,Lunges,legs,1,34,4,2
133,Deadlifts,back,3,41,4,2
133,Pull-ups,back,2,70,4,2
133,Row,back,2,70,4,2
133,Push-ups,chest,1,68,5,2
134,Pull-ups,back,2,40,5,2
134,Push-ups,chest,1,69,5,2
134,Pull-ups,back,2,25,5,2
134,Deadlifts,back,3,82,3,2
134,Push-ups,chest,1,35,3,2
134,Deadlifts,back,3,66,3,2
134,Deadlifts,back,3,66,5,2
134,Push-ups,chest,1,64,4,2
134,Deadlifts,back,3,75,5,2
134,Burpees,full,2,52,5,2
134,Push-ups,chest,1,75,3,2
134,Push-ups,chest,1,33,3,2
134,Bench Press,chest,3,28,5,2
134,Bench Press,chest,3,56,4,2
135,Plank,core,1,38,5,0
135,Pull-ups,back,2,23,2,0
135,Squats,legs,2,51,2,0
135,Burpees,full,2,75,3,0
135,Lunges,legs,1,82,4,0
135,Bench Press,chest,3,77,1,0
135,Deadlifts,back,3,65,2,0
135,Deadlifts,back,3,84,2,0
135,Lunges,legs,1,45,5,0
135,OHP,shoulders,3,51,1,0
135,Burpees,full,2,35,4,0
135,Burpees,full,2,81,3,0
135,Plank,core,1,31,5,0
135,Squats,legs,2,62,2,0
135,OHP,shoulders,3,64,2,0
135,OHP,shoulders,3,51,1,0
135,Deadlifts,back,3,37,1,0
135,Lunges,legs,1,48,5,0
135,Deadlifts,back,3,53,3,0
135,Bench Press,chest,3,34,2,0
135,Plank,core,1,59,3,0
135,Burpees,full,2,24,3,0
135,Push-ups,chest,1,85,3,0
135,Lunges,legs,1,65,5,0
135,Bench Press,chest,3,42,3,0
135,Pull-ups,back,2,83,4,0
135,OHP,shoulders,3,88,2,0
136,OHP,shoulders,3,75,3,1
136,Push-ups,chest,1,57,4,1
136,Bench Press,chest,3,30,2,1
136,Row,back,2,60,4,1
136,Bench Press,chest,3,75,3,1
136,Push-ups,chest,1,20,4,1
136,Burpees,full,2,52,4,1
137,Deadlifts,back,3,40,4,2
137,Bench Press,chest,3,57,4,2
137,Row,back,2,65,5,2
137,OHP,shoulders,3,74,5,2
137,Lunges,legs,1,82,5,2
137,Burpees,full,2,23,4,2
137,Row,back,2,89,5,2
137,Plank,core,1,70,3,2
137,Row,back,2,88,4,2
137,Pull-ups,back,2,60,4,2
137,OHP,shoulders,3,47,3,2
137,Burpees,full,2,48,5,2
137,Lunges,legs,1,81,4,2
137,Deadlifts,back,3,53,3,2
137,Bench Press,chest,3,61,4,2
137,Push-ups,chest,1,52,4,2
138,Pull-ups,back,2,36,4,0
138,Pull-ups,back,2,87,4,0
138,Row,back,2,43,3,0
138,Pull-ups,back,2,83,4,0
138,Pull-ups,back,2,27,4,0
138,Plank,core,1,32,3,0
139,Push-ups,chest,1,35,4,0
139,Bench Press,chest,3,79,2,0
139,Squats,legs,2,36,2,0
139,Lunges,legs,1,83,3,0
139,Lunges,legs,1,79,4,0
139,Bench Press,chest,3,40,3,0
139,OHP,shoulders,3,76,1,0
139,Lunges,legs,1,40,5,0
139,Burpees,full,2,24,4,0
139,Pull-ups,back,2,77,2,0
139,OHP,shoulders,3,54,1,0
139,Push-ups,chest,1,76,3,0
139,OHP,shoulders,3,51,1,0
139,Row,back,2,84,4,0
139,Plank,core,1,57,4,0
139,Plank,core,1,56,5,0
139,OHP,shoulders,3,74,1,0
139,Lunges,legs,1,41,5,0
139,Burpees,full,2,66,3,0
139,OHP,shoulders,3,34,3,0
139,Push-ups,chest,1,80,5,0
139,Lunges,legs,1,46,3,0
140,Row,back,2,32,3,0
140,Burpees,full,2,71,2,0
140,Bench Press,chest,3,59,3,0
140,Burpees,full,2,88,2,0
140,Row,back,2,75,2,0
140,Deadlifts,back,3,27,1,0
140,Bench Press,chest,3,60,1,0
140,Burpees,full,2,89,4,0
140,Row,back,2,43,2,0
140,Burpees,full,2,30,4,0
140,Plank,core,1,36,5,0
140,Pull-ups,back,2,69,3,0
140,Plank,core,1,56,4,0
140,Squats,legs,2,78,4,0
140,Squats,legs,2,79,3,0
140,Deadlifts,back,3,37,1,0
140,Plank,core,1,21,4,0
140,Squats,legs,2,61,2,0
140,Pull-ups,back,2,47,2,0
140,Row,back,2,24,4,0
140,Burpees,full,2,51,3,0
140,Pull-ups,back,2,34,2,0
140,Deadlifts,back,3,72,3,0
140,Pull-ups,back,2,79,3,0
140,OHP,shoulders,3,66,2,0
140,Bench Press,chest,3,69,3,0
140,Squats,legs,2,47,3,0
141,Lunges,legs,1,79,5,1
141,Pull-ups,back,2,82,4,1
141,Squats,legs,2,84,5,1
141,Squats,legs,2,73,5,1
141,Push-ups,chest,1,23,5,1
141,Lunges,legs,1,70,5,1
141,Push-ups,chest,1,86,4,1
141,Bench Press,chest,3,53,3,1
141,Squats,legs,2,28,5,1
141,Burpees,full,2,72,5,1
141,Deadlifts,back,3,72,2,1
141,Deadlifts,back,3,38,3,1
141,Push-ups,chest,1,73,4,1
141,Row,back,2,74,5,1
141,Pull-ups,back,2,34,3,1
141,OHP,shoulders,3,85,3,1
141,Deadlifts,back,3,28,3,1
142,Bench Press,chest,3,53,2,1
142,Deadlifts,back,3,21,2,1
142,Deadlifts,back,3,71,2,1
142,Deadlifts,back,3,50,3,1
142,Burpees,full,2,70,4,1
142,Plank,core,1,31,5,1
143,Plank,core,1,66,4,1
143,Burpees,full,2,41,3,1
143,Squats,legs,2,33,5,1
143,Burpees,full,2,71,5,1
143,OHP,shoulders,3,38,4,1
143,Push-ups,chest,1,32,5,1
143,Bench Press,chest,3,53,2,1
143,Squats,legs,2,70,5,1
143,Bench Press,chest,3,47,4,1
143,Plank,core,1,74,5,1
143,Plank,core,1,87,5,1
143,Push-ups,chest,1,33,5,1
143,Burpees,full,2,22,4,1
143,Deadlifts,back,3,42,3,1
143,Plank,core,1,60,4,1
143,Burpees,full,2,64,4,1
143,Pull-ups,back,2,28,3,1
144,Plank,core,1,63,4,2
144,Push-ups,chest,1,37,3,2
144,Push-ups,chest,1,87,5,2
144,Push-ups,chest,1,58,3,2
144,Plank,core,1,60,5,2
144,Squats,legs,2,41,5,2
144,Bench Press,chest,3,47,4,2
144,Deadlifts,back,3,81,4,2
144,Pull-ups,back,2,61,5,2
144,Burpees,full,2,54,4,2
144,Push-ups,chest,1,89,4,2
144,Push-ups,chest,1,80,4,2
144,Squats,legs,2,88,4,2
144,OHP,shoulders,3,30,3,2
144,Squats,legs,2,87,5,2
144,Push-ups,chest,1,27,4,2
144,Squats,legs,2,40,4,2
144,Bench Press,chest,3,48,3,2
144,Lunges,legs,1,56,4,2
144,Squats,legs,2,56,4,2
145,Burpees,full,2,31,5,1
145,Bench Press,chest,3,34,4,1
145,Bench Press,chest,3,32,4,1
145,Burpees,full,2,32,5,1
145,Plank,core,1,38,4,1
145,Plank,core,1,51,5,1
145,OHP,shoulders,3,40,3,1
145,Plank,core,1,68,5,1
145,Deadlifts,back,3,80,3,1
145,Pull-ups,back,2,55,3,1
145,OHP,shoulders,3,85,3,1
145,Squats,legs,2,40,4,1
145,Plank,core,1,65,5,1
145,Burpees,full,2,60,4,1
145,Deadlifts,back,3,33,3,1
145,Pull-ups,back,2,48,5,1
145,Plank,core,1,50,4,1
145,OHP,shoulders,3,80,4,1
145,Plank,core,1,35,5,1
145,Lunges,legs,1,56,4,1
145,Burpees,full,2,37,4,1
145,Plank,core,1,70,4,1
145,OHP,shoulders,3,87,3,1
145,Pull-ups,back,2,55,4,1
145,OHP,shoulders,3,67,3,1
145,OHP,shoulders,3,61,3,1
145,Deadlifts,back,3,63,3,1
145,Pull-ups,back,2,52,5,1
146,Row,back,2,22,2,0
146,Push-ups,chest,1,53,5,0
146,Row,back,2,39,2,0
146,Push-ups,chest,1,39,4,0
146,Row,back,2,76,3,0
146,Burpees,full,2,60,2,0
146,Squats,legs,2,62,3,0
146,Burpees,full,2,70,2,0
146,Lunges,legs,1,34,4,0
146,Deadlifts,back,3,58,2,0
146,Lunges,legs,1,58,4,0
146,Squats,legs,2,48,2,0
146,Push-ups,chest,1,64,3,0
146,Lunges,legs,1,29,4,0
146,Pull-ups,back,2,36,4,0
146,OHP,shoulders,3,55,3,0
146,Row,back,2,49,4,0
146,OHP,shoulders,3,48,2,0
146,Bench Press,chest,3,78,1,0
146,Pull-ups,back,2,20,4,0
147,Pull-ups,back,2,54,5,2
147,Plank,core,1,84,4,2
147,Lunges,legs,1,87,4,2
147,Bench Press,chest,3,60,5,2
147,Deadlifts,back,3,73,3,2
147,OHP,shoulders,3,50,3,2
148,Squats,legs,2,77,3,0
148,Lunges,legs,1,39,5,0
148,Burpees,full,2,42,4,0
148,Deadlifts,back,3,85,2,0
148,Squats,legs,2,50,4,0
148,OHP,shoulders,3,62,2,0
148,Row,back,2,35,4,0
148,Burpees,full,2,88,3,0
148,Bench Press,chest,3,88,2,0
148,Push-ups,chest,1,75,3,0
148,Push-ups,chest,1,44,4,0
148,Push-ups,chest,1,59,5,0
148,Lunges,legs,1,34,3,0
148,Squats,legs,2,68,4,0
148,Burpees,full,2,20,4,0
148,OHP,shoulders,3,88,2,0
148,Bench Press,chest,3,48,1,0
148,Row,back,2,23,2,0
148,Pull-ups,back,2,62,3,0
148,Push-ups,chest,1,87,3,0
148,Burpees,full,2,70,2,0
149,Pull-ups,back,2,47,5,2
149,Row,back,2,29,4,2
149,Deadlifts,back,3,36,3,2
149,Pull-ups,back,2,73,5,2
149,Bench Press,chest,3,41,3,2
149,Deadlifts,back,3,40,3,2
150,Push-ups,chest,1,34,5,1
150,Bench Press,chest,3,55,4,1
150,Pull-ups,back,2,49,4,1
150,Pull-ups,back,2,50,3,1
150,Bench Press,chest,3,43,3,1
150,Bench Press,chest,3,23,2,1
150,Push-ups,chest,1,54,5,1
150,Lunges,legs,1,64,5,1
150,Row,back,2,22,5,1
150,Deadlifts,back,3,60,2,1
150,Row,back,2,72,5,1
150,Burpees,full,2,75,5,1
150,OHP,shoulders,3,72,2,1
150,Pull-ups,back,2,51,3,1
150,Lunges,legs,1,56,5,1
150,Lunges,legs,1,79,5,1
150,Row,back,2,89,5,1
150,Bench Press,chest,3,61,2,1
150,Row,back,2,78,3,1
150,Pull-ups,back,2,52,4,1
151,Squats,legs,2,47,5,2
151,Bench Press,chest,3,47,4,2
151,Squats,legs,2,47,4,2
151,Plank,core,1,82,3,2
151,Burpees,full,2,86,5,2
151,Plank,core,1,77,5,2
151,Burpees,full,2,44,4,2
151,Lunges,legs,1,66,4,2
151,Deadlifts,back,3,46,5,2
152,Deadlifts,back,3,67,4,1
152,Lunges,legs,1,46,4,1
152,Plank,core,1,42,5,1
152,Bench Press,chest,3,56,4,1
152,Push-ups,chest,1,41,5,1
152,Push-ups,chest,1,36,5,1
152,OHP,shoulders,3,55,4,1
152,Plank,core,1,59,4,1
152,Burpees,full,2,35,4,1
152,Burpees,full,2,85,5,1
152,Lunges,legs,1,70,5,1
152,Pull-ups,back,2,59,4,1
152,Squats,legs,2,31,3,1
152,Plank,core,1,41,4,1
152,Push-ups,chest,1,23,5,1
152,Squats,legs,2,35,4,1
152,Plank,core,1,60,5,1
152,Deadlifts,back,3,78,3,1
152,OHP,shoulders,3,29,4,1
152,OHP,shoulders,3,45,3,1
152,Lunges,legs,1,47,5,1
153,OHP,shoulders,3,42,1,0
153,Pull-ups,back,2,44,3,0
153,Pull-ups,back,2,68,2,0
153,Squats,legs,2,23,4,0
153,Push-ups,chest,1,79,4,0
153,Squats,legs,2,62,2,0
154,Burpees,full,2,71,3,1
154,Bench Press,chest,3,65,2,1
154,Burpees,full,2,54,3,1
154,Row,back,2,54,3,1
154,Lunges,legs,1,88,5,1
154,Bench Press,chest,3,63,2,1
154,Row,back,2,44,5,1
154,Push-ups,chest,1,55,5,1
154,Plank,core,1,25,5,1
154,Bench Press,chest,3,75,2,1
154,Lunges,legs,1,72,5,1
154,Pull-ups,back,2,55,3,1
154,Push-ups,chest,1,41,5,1
154,Deadlifts,back,3,36,3,1
154,OHP,shoulders,3,35,3,1
154,Squats,legs,2,20,5,1
154,OHP,shoulders,3,23,4,1
154,Row,back,2,75,3,1
154,Burpees,full,2,62,4,1
154,Push-ups,chest,1,68,5,1
154,Burpees,full,2,79,4,1
154,Deadlifts,back,3,82,2,1
154,Deadlifts,back,3,32,3,1
154,Deadlifts,back,3,42,2,1
154,Plank,core,1,59,5,1
154,Burpees,full,2,45,3,1
155,Deadlifts,back,3,80,1,0
155,Bench Press,chest,3,60,2,0
155,Deadlifts,back,3,63,1,0
155,OHP,shoulders,3,61,1,0
155,Deadlifts,back,3,43,3,0
155,Push-ups,chest,1,20,4,0
155,Lunges,legs,1,59,5,0
155,Row,back,2,23,2,0
155,Deadlifts,back,3,55,1,0
155,Plank,core,1,64,3,0
155,Squats,legs,2,63,3,0
156,Burpees,full,2,24,3,0
156,Plank,core,1,22,3,0
156,Burpees,full,2,39,4,0
156,OHP,shoulders,3,59,1,0
156,Plank,core,1,24,3,0
156,OHP,shoulders,3,56,1,0
156,Burpees,full,2,24,2,0
156,Lunges,legs,1,41,4,0
156,Squats,legs,2,87,2,0
156,Lunges,legs,1,84,5,0
156,Deadlifts,back,3,63,2,0
156,Plank,core,1,28,4,0
156,Plank,core,1,81,4,0
156,Pull-ups,back,2,34,3,0
156,Bench Press,chest,3,39,1,0
156,Deadlifts,back,3,21,2,0
156,Push-ups,chest,1,22,5,0
156,Deadlifts,back,3,83,1,0
156,Lunges,legs,1,60,5,0
157,Lunges,legs,1,82,3,0
157,Burpees,full,2,65,4,0
157,Pull-ups,back,2,36,2,0
157,Pull-ups,back,2,74,4,0
157,Row,back,2,76,2,0
157,Pull-ups,back,2,26,3,0
157,Bench Press,chest,3,39,3,0
157,Deadlifts,back,3,31,2,0
157,Bench Press,chest,3,20,3,0
158,Pull-ups,back,2,32,3,1
158,Pull-ups,back,2,52,4,1
158,Burpees,full,2,42,3,1
158,Row,back,2,23,4,1
158,Squats,legs,2,44,3,1
158,Deadlifts,back,3,42,4,1
158,Row,back,2,41,5,1
158,Bench Press,chest,3,78,4,1
158,Bench Press,chest,3,67,4,1
158,Deadlifts,back,3,41,3,1
158,Push-ups,chest,1,25,4,1
158,Bench Press,chest,3,38,4,1
158,Pull-ups,back,2,82,3,1
158,Push-ups,chest,1,20,4,1
158,Pull-ups,back,2,53,4,1
158,Deadlifts,back,3,42,2,1
158,Row,back,2,63,5,1
158,Row,back,2,80,3,1
158,Deadlifts,back,3,71,4,1
158,Push-ups,chest,1,43,5,1
158,Burpees,full,2,81,3,1
158,Row,back,2,50,5,1
158,OHP,shoulders,3,52,2,1
158,Deadlifts,back,3,39,2,1
158,Lunges,legs,1,22,5,1
159,OHP,shoulders,3,26,4,1
159,Push-ups,chest,1,79,5,1
159,Plank,core,1,58,5,1
159,Pull-ups,back,2,83,4,1
159,Pull-ups,back,2,35,5,1
159,Deadlifts,back,3,67,2,1
160,Deadlifts,back,3,53,4,2
160,Pull-ups,back,2,43,5,2
160,Burpees,full,2,48,5,2
160,Lunges,legs,1,75,4,2
160,Push-ups,chest,1,71,3,2
160,Bench Press,chest,3,31,5,2
160,Row,back,2,43,4,2
160,Deadlifts,back,3,89,3,2
160,Squats,legs,2,46,5,2
160,Pull-ups,back,2,36,4,2
160,OHP,shoulders,3,23,3,2
160,Lunges,legs,1,30,5,2
160,Bench Press,chest,3,62,5,2
160,OHP,shoulders,3,48,5,2
160,Pull-ups,back,2,54,4,2
160,Row,back,2,58,4,2
160,Plank,core,1,39,5,2
160,Pull-ups,back,2,37,5,2
161,Burpees,full,2,88,4,0
161,Row,back,2,30,3,0
161,Burpees,full,2,35,4,0
161,Deadlifts,back,3,36,1,0
161,Pull-ups,back,2,50,2,0
161,Squats,legs,2,46,4,0
161,Bench Press,chest,3,30,1,0
161,Push-ups,chest,1,68,3,0
161,Deadlifts,back,3,56,2,0
161,OHP,shoulders,3,64,3,0
161,OHP,shoulders,3,51,1,0
161,Bench Press,chest,3,38,2,0
161,Push-ups,chest,1,86,5,0
161,Burpees,full,2,79,4,0
161,Bench Press,chest,3,34,3,0
161,Lunges,legs,1,24,5,0
161,Plank,core,1,48,4,0
161,Pull-ups,back,2,41,2,0
161,Push-ups,chest,1,66,4,0
161,Deadlifts,back,3,36,2,0
161,Push-ups,chest,1,25,4,0
161,Plank,core,1,28,3,0
161,Squats,legs,2,89,2,0
161,Plank,core,1,49,4,0
161,Bench Press,chest,3,33,1,0
161,Bench Press,chest,3,69,3,0
161,Push-ups,chest,1,64,5,0
162,Deadlifts,back,3,68,2,1
162,Push-ups,chest,1,78,5,1
162,Row,back,2,38,4,1
162,Row,back,2,81,4,1
162,Burpees,full,2,30,5,1
162,Plank,core,1,31,5,1
162,OHP,shoulders,3,58,4,1
162,Bench Press,chest,3,46,2,1
162,Bench Press,chest,3,74,2,1
162,Plank,core,1,54,5,1
162,Row,back,2,51,5,1
162,OHP,shoulders,3,39,4,1
162,Lunges,legs,1,77,5,1
162,Row,back,2,34,4,1
162,Squats,legs,2,81,5,1
162,Row,back,2,88,3,1
162,Deadlifts,back,3,85,2,1
162,Squats,legs,2,79,5,1
162,Squats,legs,2,58,5,1
162,OHP,shoulders,3,76,4,1
162,Pull-ups,back,2,44,3,1
162,Row,back,2,61,3,1
162,OHP,shoulders,3,43,4,1
162,Burpees,full,2,26,3,1
162,Row,back,2,57,5,1
162,OHP,shoulders,3,54,3,1
163,Lunges,legs,1,39,3,2
163,Bench Press,chest,3,63,4,2
163,Pull-ups,back,2,78,4,2
163,Bench Press,chest,3,49,3,2
163,Lunges,legs,1,77,5,2
163,Bench Press,chest,3,32,4,2
163,Squats,legs,2,83,5,2
163,Pull-ups,back,2,76,5,2
163,Plank,core,1,43,5,2
163,Push-ups,chest,1,20,3,2
163,Row,back,2,47,4,2
163,OHP,shoulders,3,41,4,2
163,Burpees,full,2,88,4,2
164,Bench Press,chest,3,58,2,1
164,Push-ups,chest,1,46,4,1
164,OHP,shoulders,3,26,2,1
164,Deadlifts,back,3,67,3,1
164,Squats,legs,2,31,4,1
164,OHP,shoulders,3,21,2,1
164,Push-ups,chest,1,22,4,1
164,Squats,legs,2,29,5,1
164,Deadlifts,back,3,70,3,1
164,Bench Press,chest,3,80,4,1
165,Bench Press,chest,3,67,3,2
165,Lunges,legs,1,89,5,2
165,Deadlifts,back,3,29,3,2
165,Squats,legs,2,80,5,2
165,Deadlifts,back,3,87,4,2
166,OHP,shoulders,3,49,3,2
166,Squats,legs,2,75,4,2
166,Pull-ups,back,2,27,5,2
166,Squats,legs,2,69,4,2
166,Push-ups,chest,1,73,3,2
166,Lunges,legs,1,68,4,2
166,Plank,core,1,89,3,2
166,Bench Press,chest,3,88,5,2
166,Burpees,full,2,33,5,2
166,Burpees,full,2,55,4,2
166,Deadlifts,back,3,22,3,2
166,OHP,shoulders,3,49,5,2
166,Lunges,legs,1,86,4,2
166,Squats,legs,2,85,5,2
166,OHP,shoulders,3,59,3,2
166,Push-ups,chest,1,46,5,2
166,OHP,shoulders,3,38,3,2
166,OHP,shoulders,3,76,4,2
166,Lunges,legs,1,24,4,2
166,Push-ups,chest,1,55,3,2
167,Pull-ups,back,2,76,2,0
167,Deadlifts,back,3,24,3,0
167,Pull-ups,back,2,70,2,0
167,OHP,shoulders,3,61,3,0
167,OHP,shoulders,3,53,3,0
167,Burpees,full,2,73,2,0
167,Row,back,2,46,4,0
167,Row,back,2,56,2,0
167,Pull-ups,back,2,22,3,0
167,Squats,legs,2,36,3,0
167,Bench Press,chest,3,32,3,0
167,Row,back,2,31,3,0
167,Row,back,2,42,2,0
167,Bench Press,chest,3,71,1,0
167,Row,back,2,34,3,0
167,Burpees,full,2,84,4,0
167,Row,back,2,40,2,0
167,Plank,core,1,35,3,0
167,Row,back,2,51,3,0
167,Burpees,full,2,43,2,0
167,Row,back,2,61,2,0
167,Burpees,full,2,22,4,0
167,Bench Press,chest,3,49,3,0
167,Burpees,full,2,56,2,0
167,Plank,core,1,45,4,0
167,Burpees,full,2,80,4,0
167,OHP,shoulders,3,64,2,0
168,Deadlifts,back,3,42,2,0
168,Deadlifts,back,3,76,1,0
168,Bench Press,chest,3,60,3,0
168,Push-ups,chest,1,45,3,0
168,Deadlifts,back,3,36,1,0
168,Burpees,full,2,66,3,0
168,Lunges,legs,1,39,3,0
168,Push-ups,chest,1,66,5,0
168,Plank,core,1,70,5,0
169,Pull-ups,back,2,66,4,2
169,Plank,core,1,20,3,2
169,Push-ups,chest,1,29,5,2
169,Push-ups,chest,1,77,4,2
169,Burpees,full,2,71,5,2
169,Bench Press,chest,3,86,3,2
169,Bench Press,chest,3,72,3,2
169,Burpees,full,2,64,4,2
169,Pull-ups,back,2,53,4,2
169,OHP,shoulders,3,81,3,2
169,Lunges,legs,1,32,5,2
169,Row,back,2,82,4,2
169,Burpees,full,2,83,4,2
169,Deadlifts,back,3,82,4,2
169,Plank,core,1,64,4,2
169,Burpees,full,2,60,5,2
169,Bench Press,chest,3,87,3,2
169,Burpees,full,2,54,5,2
170,Row,back,2,54,3,0
170,Deadlifts,back,3,85,2,0
170,Row,back,2,49,4,0
170,Lunges,legs,1,84,3,0
170,Row,back,2,67,4,0
170,Squats,legs,2,31,4,0
170,OHP,shoulders,3,75,2,0
171,Plank,core,1,57,5,0
171,Lunges,legs,1,71,4,0
171,OHP,shoulders,3,78,2,0
171,Bench Press,chest,3,67,1,0
171,Pull-ups,back,2,28,2,0
171,Deadlifts,back,3,80,1,0
171,Bench Press,chest,3,82,2,0
171,Pull-ups,back,2,64,3,0
171,OHP,shoulders,3,82,2,0
171,Bench Press,chest,3,63,3,0
171,Row,back,2,84,3,0
171,Pull-ups,back,2,74,2,0
171,Lunges,legs,1,44,5,0
171,Pull-ups,back,2,52,2,0
171,Lunges,legs,1,77,3,0
171,Push-ups,chest,1,43,4,0
171,Plank,core,1,51,3,0
171,Pull-ups,back,2,79,2,0
171,Row,back,2,86,3,0
171,Row,back,2,68,2,0
171,Pull-ups,back,2,68,3,0
172,Lunges,legs,1,40,5,2
172,Push-ups,chest,1,33,4,2
172,Bench Press,chest,3,28,4,2
172,Bench Press,chest,3,44,4,2
172,Plank,core,1,42,3,2
172,OHP,shoulders,3,52,3,2
172,Row,back,2,67,4,2
172,Push-ups,chest,1,82,4,2
172,Plank,core,1,80,4,2
172,Squats,legs,2,72,5,2
172,Deadlifts,back,3,76,5,2
172,OHP,shoulders,3,78,3,2
173,Row,back,2,37,5,1
173,Bench Press,chest,3,22,2,1
173,Bench Press,chest,3,66,2,1
173,Lunges,legs,1,67,5,1
173,Squats,legs,2,84,4,1
173,Row,back,2,89,5,1
173,Lunges,legs,1,78,5,1
173,Pull-ups,back,2,56,3,1
173,Deadlifts,back,3,71,3,1
173,Burpees,full,2,82,5,1
173,Bench Press,chest,3,72,3,1
173,Row,back,2,25,5,1
173,Push-ups,chest,1,73,5,1
173,Squats,legs,2,44,5,1
173,Deadlifts,back,3,32,4,1
173,Squats,legs,2,53,3,1
173,Plank,core,1,49,4,1
173,Burpees,full,2,32,4,1
173,Lunges,legs,1,41,5,1
173,Squats,legs,2,61,4,1
173,Row,back,2,83,4,1
173,Burpees,full,2,63,5,1
173,Plank,core,1,60,4,1
173,Plank,core,1,69,4,1
173,Lunges,legs,1,61,4,1
173,Pull-ups,back,2,82,3,1
173,Bench Press,chest,3,71,4,1
173,Plank,core,1,25,5,1
174,Push-ups,chest,1,54,5,0
174,Deadlifts,back,3,77,3,0
174,Row,back,2,73,4,0
174,OHP,shoulders,3,23,2,0
174,Plank,core,1,74,5,0
174,Burpees,full,2,59,2,0
174,OHP,shoulders,3,34,3,0
174,Deadlifts,back,3,24,2,0
174,Pull-ups,back,2,40,4,0
174,Squats,legs,2,65,3,0
174,Pull-ups,back,2,39,4,0
174,Pull-ups,back,2,70,2,0
174,Deadlifts,back,3,29,2,0
175,Burpees,full,2,48,4,2
175,OHP,shoulders,3,57,5,2
175,Plank,core,1,78,3,2
175,Row,back,2,79,5,2
175,Lunges,legs,1,86,4,2
175,OHP,shoulders,3,57,3,2
175,Push-ups,chest,1,82,5,2
176,Deadlifts,back,3,33,2,0
176,Push-ups,chest,1,26,5,0
176,Bench Press,chest,3,81,1,0
176,Pull-ups,back,2,44,2,0
176,OHP,shoulders,3,47,1,0
176,Push-ups,chest,1,75,4,0
176,Row,back,2,77,2,0
176,Bench Press,chest,3,70,3,0
176,Plank,core,1,49,4,0
177,OHP,shoulders,3,85,5,2
177,Burpees,full,2,69,4,2
177,OHP,shoulders,3,52,5,2
177,Bench Press,chest,3,41,3,2
177,Pull-ups,back,2,51,5,2
177,Row,back,2,23,4,2
177,Squats,legs,2,62,5,2
177,OHP,shoulders,3,58,4,2
177,Burpees,full,2,50,4,2
177,Burpees,full,2,60,4,2
177,Pull-ups,back,2,38,5,2
177,Push-ups,chest,1,44,4,2
177,Burpees,full,2,22,5,2
177,Pull-ups,back,2,80,5,2
177,Deadlifts,back,3,57,3,2
177,Lunges,legs,1,55,4,2
177,Squats,legs,2,56,5,2
177,Pull-ups,back,2,40,5,2
177,Deadlifts,back,3,79,5,2
177,Plank,core,1,30,5,2
177,OHP,shoulders,3,50,3,2
177,Pull-ups,back,2,79,4,2
177,Squats,legs,2,48,5,2
177,OHP,shoulders,3,86,5,2
177,Push-ups,chest,1,63,3,2
177,OHP,shoulders,3,61,5,2
177,Lunges,legs,1,49,3,2
177,Row,back,2,47,5,2
178,Squats,legs,2,43,3,1
178,Row,back,2,37,4,1
178,Row,back,2,48,4,1
178,Pull-ups,back,2,52,3,1
178,Bench Press,chest,3,55,2,1
178,Bench Press,chest,3,32,2,1
178,Row,back,2,21,3,1
178,Push-ups,chest,1,31,5,1
178,Push-ups,chest,1,56,5,1
178,Bench Press,chest,3,79,4,1
179,Plank,core,1,67,5,1
179,Plank,core,1,59,5,1
179,Squats,legs,2,80,3,1
179,Pull-ups,back,2,30,4,1
179,Squats,legs,2,59,3,1
179,Plank,core,1,30,5,1
179,Row,back,2,67,5,1
179,Row,back,2,79,3,1
179,Squats,legs,2,26,5,1
179,Pull-ups,back,2,44,5,1
179,Squats,legs,2,66,3,1
179,Pull-ups,back,2,32,4,1
179,Pull-ups,back,2,42,4,1
179,Bench Press,chest,3,73,4,1
179,Squats,legs,2,83,5,1
179,Push-ups,chest,1,68,5,1
179,Pull-ups,back,2,22,5,1
179,Push-ups,chest,1,55,5,1
179,Push-ups,chest,1,53,5,1
179,Squats,legs,2,72,5,1
179,Push-ups,chest,1,83,5,1
180,OHP,shoulders,3,57,4,1
180,Squats,legs,2,24,3,1
180,Bench Press,chest,3,83,2,1
180,Plank,core,1,54,4,1
180,Pull-ups,back,2,58,5,1
180,Push-ups,chest,1,43,5,1
180,Push-ups,chest,1,77,4,1
180,OHP,shoulders,3,29,3,1
180,Pull-ups,back,2,35,4,1
180,OHP,shoulders,3,46,4,1
180,Burpees,full,2,83,3,1
180,Burpees,full,2,30,3,1
180,Lunges,legs,1,49,5,1
180,Push-ups,chest,1,79,4,1
180,Lunges,legs,1,73,5,1
180,Plank,core,1,58,5,1
180,Bench Press,chest,3,47,3,1
180,Bench Press,chest,3,41,4,1
180,Deadlifts,back,3,48,4,1
180,Row,back,2,51,4,1
180,Push-ups,chest,1,57,4,1
181,OHP,shoulders,3,51,2,0
181,Squats,legs,2,82,4,0
181,Lunges,legs,1,87,3,0
181,Row,back,2,48,4,0
181,OHP,shoulders,3,29,1,0
181,Plank,core,1,36,4,0
182,Row,back,2,57,2,0
182,Pull-ups,back,2,44,2,0
182,Lunges,legs,1,82,5,0
182,OHP,shoulders,3,39,1,0
182,OHP,shoulders,3,82,3,0
182,Row,back,2,59,2,0
183,Burpees,full,2,51,5,2
183,OHP,shoulders,3,79,3,2
183,Push-ups,chest,1,75,3,2
183,Row,back,2,88,5,2
183,Lunges,legs,1,51,5,2
183,Push-ups,chest,1,71,4,2
183,Pull-ups,back,2,46,5,2
183,Row,back,2,73,4,2
183,Deadlifts,back,3,47,5,2
184,Pull-ups,back,2,29,3,0
184,Deadlifts,back,3,25,2,0
184,Plank,core,1,35,4,0
184,Bench Press,chest,3,80,1,0
184,Squats,legs,2,69,2,0
184,Bench Press,chest,3,47,2,0
184,OHP,shoulders,3,22,1,0
184,Pull-ups,back,2,27,4,0
184,Deadlifts,back,3,35,1,0
184,Burpees,full,2,70,4,0
184,Bench Press,chest,3,59,1,0
184,Squats,legs,2,34,2,0
184,Deadlifts,back,3,42,3,0
184,OHP,shoulders,3,56,1,0
184,Pull-ups,back,2,48,3,0
184,Bench Press,chest,3,70,2,0
184,Row,back,2,24,2,0
184,Plank,core,1,83,5,0
184,Burpees,full,2,36,2,0
184,Bench Press,chest,3,74,2,0
184,Burpees,full,2,87,2,0
184,Lunges,legs,1,82,5,0
184,Burpees,full,2,72,3,0
185,Burpees,full,2,70,2,0
185,Push-ups,chest,1,29,3,0
185,Squats,legs,2,73,4,0
185,Plank,core,1,66,4,0
185,Pull-ups,back,2,39,3,0
185,Lunges,legs,1,67,4,0
185,Pull-ups,back,2,84,4,0
186,OHP,shoulders,3,43,3,0
186,OHP,shoulders,3,30,3,0
186,Push-ups,chest,1,89,3,0
186,Burpees,full,2,31,3,0
186,Deadlifts,back,3,42,3,0
186,Plank,core,1,33,4,0
186,Squats,legs,2,46,2,0
186,Bench Press,chest,3,81,1,0
186,Plank,core,1,63,5,0
186,Push-ups,chest,1,80,4,0
186,OHP,shoulders,3,20,1,0
186,Deadlifts,back,3,74,2,0
186,Burpees,full,2,37,3,0
186,Lunges,legs,1,86,5,0
187,Lunges,legs,1,62,5,0
187,Push-ups,chest,1,85,5,0
187,Pull-ups,back,2,53,2,0
187,Row,back,2,32,3,0
187,Plank,core,1,78,5,0
187,Plank,core,1,73,4,0
187,Lunges,legs,1,56,5,0
187,Bench Press,chest,3,52,1,0
187,OHP,shoulders,3,47,1,0
187,Burpees,full,2,89,4,0
187,Pull-ups,back,2,85,2,0
187,Push-ups,chest,1,47,4,0
187,Pull-ups,back,2,25,3,0
187,Burpees,full,2,39,2,0
187,Pull-ups,back,2,57,3,0
187,Push-ups,chest,1,79,3,0
187,OHP,shoulders,3,61,1,0
188,Pull-ups,back,2,45,4,2
188,Row,back,2,29,5,2
188,Lunges,legs,1,72,3,2
188,Squats,legs,2,46,5,2
188,Push-ups,chest,1,34,3,2
188,Plank,core,1,29,3,2
188,Push-ups,chest,1,60,5,2
188,Row,back,2,20,5,2
188,Pull-ups,back,2,62,5,2
188,Row,back,2,72,4,2
188,Plank,core,1,28,3,2
188,Bench Press,chest,3,63,5,2
188,Plank,core,1,70,3,2
188,Lunges,legs,1,30,5,2
188,Burpees,full,2,78,4,2
188,Plank,core,1,27,4,2
188,Lunges,legs,1,64,3,2
188,Pull-ups,back,2,40,4,2
188,Bench Press,chest,3,25,5,2
189,Deadlifts,back,3,28,1,0
189,Row,back,2,23,3,0
189,Pull-ups,back,2,25,2,0
189,Squats,legs,2,69,3,0
189,Squats,legs,2,30,3,0
189,Bench Press,chest,3,32,1,0
189,Push-ups,chest,1,79,3,0
189,Squats,legs,2,24,3,0
189,Deadlifts,back,3,32,1,0
189,Lunges,legs,1,73,3,0
190,Push-ups,chest,1,65,5,2
190,Deadlifts,back,3,57,3,2
190,Lunges,legs,1,21,3,2
190,Squats,legs,2,32,4,2
190,Push-ups,chest,1,38,3,2
190,Deadlifts,back,3,52,5,2
190,Push-ups,chest,1,76,5,2
190,Burpees,full,2,35,5,2
190,Lunges,legs,1,33,5,2
190,Lunges,legs,1,38,3,2
190,Deadlifts,back,3,77,4,2
190,Burpees,full,2,59,5,2
190,Burpees,full,2,23,5,2
190,Deadlifts,back,3,37,3,2
190,Pull-ups,back,2,78,5,2
190,Lunges,legs,1,60,3,2
190,Pull-ups,back,2,23,4,2
190,OHP,shoulders,3,26,3,2
190,OHP,shoulders,3,82,3,2
190,Burpees,full,2,63,5,2
191,Pull-ups,back,2,70,3,0
191,Bench Press,chest,3,73,2,0
191,Push-ups,chest,1,59,4,0
191,Squats,legs,2,29,4,0
191,Deadlifts,back,3,54,3,0
191,Burpees,full,2,29,2,0
191,Push-ups,chest,1,34,3,0
191,Plank,core,1,63,4,0
191,Lunges,legs,1,43,3,0
191,OHP,shoulders,3,25,2,0
191,Bench Press,chest,3,57,1,0
191,Pull-ups,back,2,30,2,0
191,Squats,legs,2,75,4,0
191,Burpees,full,2,57,3,0
191,Push-ups,chest,1,21,4,0
191,Plank,core,1,21,3,0
191,Burpees,full,2,66,3,0
192,Pull-ups,back,2,43,5,2
192,Pull-ups,back,2,81,5,2
192,Plank,core,1,68,5,2
192,OHP,shoulders,3,54,4,2
192,Plank,core,1,79,3,2
192,OHP,shoulders,3,31,3,2
192,Burpees,full,2,48,5,2
192,Squats,legs,2,42,5,2
192,Pull-ups,back,2,43,4,2
192,Lunges,legs,1,23,3,2
192,Push-ups,chest,1,22,3,2
192,Plank,core,1,47,4,2
192,Push-ups,chest,1,34,5,2
192,Plank,core,1,71,5,2
192,Pull-ups,back,2,23,5,2
192,Squats,legs,2,76,5,2
192,Pull-ups,back,2,26,5,2
192,Pull-ups,back,2,80,5,2
192,Push-ups,chest,1,58,4,2
192,OHP,shoulders,3,71,4,2
192,Deadlifts,back,3,30,4,2
192,Burpees,full,2,68,5,2
192,Plank,core,1,73,5,2
192,Row,back,2,79,4,2
193,Burpees,full,2,61,3,1
193,Deadlifts,back,3,46,2,1
193,Pull-ups,back,2,71,3,1
193,Row,back,2,72,4,1
193,Pull-ups,back,2,21,3,1
193,Lunges,legs,1,54,5,1
193,Plank,core,1,74,5,1
193,Plank,core,1,30,4,1
193,Pull-ups,back,2,82,5,1
193,Row,back,2,26,3,1
193,Push-ups,chest,1,83,4,1
193,Pull-ups,back,2,89,3,1
193,Row,back,2,66,3,1
193,Bench Press,chest,3,86,2,1
193,Push-ups,chest,1,72,4,1
193,OHP,shoulders,3,53,2,1
193,Burpees,full,2,68,4,1
193,Plank,core,1,37,4,1
193,Row,back,2,60,4,1
193,Squats,legs,2,68,5,1
193,Pull-ups,back,2,38,5,1
193,Row,back,2,73,5,1
193,Squats,legs,2,44,4,1
193,Bench Press,chest,3,80,3,1
193,Squats,legs,2,74,4,1
193,Plank,core,1,67,4,1
194,OHP,shoulders,3,75,2,1
194,Lunges,legs,1,36,4,1
194,Pull-ups,back,2,22,3,1
194,Deadlifts,back,3,39,4,1
194,Squats,legs,2,40,3,1
194,Pull-ups,back,2,43,5,1
194,Row,back,2,52,4,1
194,Push-ups,chest,1,37,5,1
194,Bench Press,chest,3,46,2,1
194,Push-ups,chest,1,34,4,1
194,Deadlifts,back,3,87,4,1
194,Squats,legs,2,44,4,1
194,Burpees,full,2,52,3,1
194,Deadlifts,back,3,62,3,1
194,Burpees,full,2,33,5,1
194,Pull-ups,back,2,75,4,1
194,Pull-ups,back,2,60,4,1
194,Lunges,legs,1,40,4,1
194,OHP,shoulders,3,42,2,1
194,Row,back,2,77,3,1
194,Pull-ups,back,2,64,5,1
194,Deadlifts,back,3,53,3,1
194,Burpees,full,2,79,4,1
194,Row,back,2,70,5,1
194,Squats,legs,2,38,4,1
194,Bench Press,chest,3,80,4,1
194,Squats,legs,2,71,3,1
194,Push-ups,chest,1,51,5,1
195,Bench Press,chest,3,59,3,0
195,Bench Press,chest,3,58,1,0
195,Row,back,2,36,2,0
195,Plank,core,1,35,5,0
195,Squats,legs,2,70,3,0
195,Deadlifts,back,3,74,1,0
195,Squats,legs,2,45,4,0
195,Deadlifts,back,3,38,2,0
195,Deadlifts,back,3,34,3,0
195,Row,back,2,49,3,0
195,Plank,core,1,71,5,0
195,Push-ups,chest,1,79,5,0
195,Squats,legs,2,87,4,0
195,Push-ups,chest,1,38,3,0
196,Squats,legs,2,84,5,1
196,Deadlifts,back,3,57,4,1
196,OHP,shoulders,3,44,2,1
196,Deadlifts,back,3,89,4,1
196,Bench Press,chest,3,73,3,1
196,Plank,core,1,28,4,1
196,OHP,shoulders,3,56,3,1
196,Pull-ups,back,2,39,4,1
196,Bench Press,chest,3,78,4,1
196,Plank,core,1,28,4,1
196,Deadlifts,back,3,53,2,1
196,Pull-ups,back,2,51,4,1
196,Deadlifts,back,3,44,4,1
196,Squats,legs,2,82,4,1
196,Lunges,legs,1,45,4,1
196,Push-ups,chest,1,70,5,1
196,Burpees,full,2,30,5,1
196,OHP,shoulders,3,52,2,1
196,Lunges,legs,1,74,5,1
196,Row,back,2,48,4,1
196,Burpees,full,2,22,4,1
196,Lunges,legs,1,83,4,1
196,Deadlifts,back,3,89,2,1
196,Burpees,full,2,76,5,1
196,Bench Press,chest,3,70,2,1
196,Deadlifts,back,3,24,4,1
196,Burpees,full,2,56,5,1
196,Squats,legs,2,53,4,1
197,Squats,legs,2,20,5,1
197,Push-ups,chest,1,75,5,1
197,Bench Press,chest,3,45,2,1
197,Pull-ups,back,2,61,5,1
197,Lunges,legs,1,45,5,1
197,Deadlifts,back,3,43,4,1
197,Pull-ups,back,2,79,4,1
197,Row,back,2,39,4,1
197,Squats,legs,2,29,3,1
197,Lunges,legs,1,81,4,1
197,Bench Press,chest,3,29,4,1
197,Plank,core,1,42,5,1
197,Row,back,2,69,4,1
197,OHP,shoulders,3,23,2,1
197,Squats,legs,2,24,4,1
197,Row,back,2,53,4,1
197,Plank,core,1,33,4,1
197,Row,back,2,32,3,1
198,Push-ups,chest,1,82,5,1
198,Bench Press,chest,3,55,4,1
198,Push-ups,chest,1,24,4,1
198,Plank,core,1,51,5,1
198,Squats,legs,2,22,5,1
199,Squats,legs,2,78,3,0
199,Bench Press,chest,3,47,3,0
199,Lunges,legs,1,72,4,0
199,OHP,shoulders,3,22,3,0
199,Burpees,full,2,88,2,0
199,Plank,core,1,81,4,0
199,OHP,shoulders,3,29,2,0
199,OHP,shoulders,3,30,2,0
199,Plank,core,1,75,4,0
199,Bench Press,chest,3,35,1,0
199,Deadlifts,back,3,28,1,0
199,Plank,core,1,54,5,0
199,OHP,shoulders,3,44,2,0
199,Plank,core,1,67,3,0
199,Row,back,2,60,4,0
199,Squats,legs,2,78,3,0
199,Plank,core,1,60,4,0
200,Plank,core,1,59,4,1
200,Lunges,legs,1,81,5,1
200,Deadlifts,back,3,22,2,1
200,Plank,core,1,27,5,1
200,Push-ups,chest,1,42,4,1
200,Bench Press,chest,3,65,3,1
200,Pull-ups,back,2,41,3,1
200,Squats,legs,2,41,5,1
200,Row,back,2,81,5,1
200,Bench Press,chest,3,32,4,1
200,Squats,legs,2,24,5,1
200,Bench Press,chest,3,63,4,1
200,Deadlifts,back,3,68,4,1
200,Lunges,legs,1,87,4,1
200,Deadlifts,back,3,37,2,1
200,Squats,legs,2,61,3,1
200,Burpees,full,2,55,4,1
200,Bench Press,chest,3,57,3,1
200,Pull-ups,back,2,65,4,1
200,Bench Press,chest,3,21,2,1
200,Burpees,full,2,20,5,1
200,Pull-ups,back,2,59,5,1
200,Pull-ups,back,2,88,4,1
